"PARENTED","BOOKSHOME","TECHHOME","IMMIG","WORKPAY","WORKHOME","READING_AVE","MATH_AVE","SCIENCE_AVE","EFFORT1","STUDYHMW","MISSSC"
16,NA,0.5598,1,0,2,614.4452,556.5881,621.6684,99,2,0
12,4,0.4946,1,0,0,484.1588,467.7695,479.4236,6,6,0
16,6,1.002,1,0,5,677.1773,680.1402,688.2615,9,9,0
12,2,-0.748,1,10,10,531.0248,454.1142,510.5758,10,3,0
12,2,1.7606,1,5,0,570.4623,501.8817,554.2733,9,1,0
16,4,1.4757,2,0,0,426.2382,366.1656,414.2122,6,10,1
16,3,0.9061,1,6,6,351.4907,334.3003,339.4884,5,6,0
16,4,0.2867,3,0,5,541.5499,458.0844,499.7101,99,10,0
16,4,2.2545,1,10,10,479.6939,497.3678,464.8304,8,10,0
16,6,-0.3588,1,2,0,548.0776,530.8892,538.9757,8,1,0
16,1,-1.597,1,0,0,599.0943,519.5056,615.3625,7,3,0
12,NA,0.7541,1,4,6,512.4081,431.8513,466.6239,9,6,0
14.5,3,0.8701,1,3,6,443.9162,381.8917,395.5661,6,0,1
16,NA,0.7159,1,0,5,640.9333,600.8072,669.8759,9,6,0
NA,NA,99,9,99,99,605.8254,543.9916,611.0706,NA,99,9
16,4,0.916,1,0,4,588.3953,447.242,535.514,8,5,0
16,4,-0.0073,1,0,3,559.1278,482.2625,528.0942,10,7,0
12,1,-1.8134,1,0,2,490.5752,390.3768,411.8055,8,0,0
14.5,4,0.5869,1,0,0,625.2189,517.2126,558.1129,99,6,0
16,6,-0.1591,1,0,9,613.9178,538.8074,621.6846,9,3,0
9,2,0.5224,9,0,5,313.2727,296.2702,289.4113,9,2,0
12,4,-0.102,1,2,0,399.1835,389.8965,445.0404,9,3,1
16,4,-0.0073,1,1,4,614.8035,582.6208,626.8526,9,0,0
12,7,1.9116,1,0,2,603.0211,454.0233,488.9405,8,10,0
16,4,-0.1622,1,0,0,556.6363,536.8,571.0366,9,3,1
14.5,3,-0.651,3,0,5,595.8721,557.7258,547.1026,NA,5,0
16,3,1.2353,1,99,99,472.6176,482.7586,489.6353,10,99,9
NA,NA,99,9,99,99,343.831,348.8735,360.1299,6,99,9
9,2,0.037,2,0,0,538.3619,473.5185,515.4271,6,6,0
16,2,0.1106,1,0,8,580.1161,566.0335,669.0789,99,3,0
16,6,1.5585,1,0,1,703.6392,652.1427,700.0799,6,2,0
12,NA,0.0811,1,0,3,670.4394,652.1068,749.9829,99,4,0
16,4,1.4072,1,3,4,402.9657,423.9135,421.8187,10,2,0
16,NA,-0.3856,1,3,3,632.8866,550.4025,583.2022,10,4,0
16,3,0.8086,1,0,2,411.0322,402.2695,466.3612,9,10,0
16,1,-1.1862,1,0,10,397.3814,349.9526,379.4253,99,6,0
16,6,1.4126,2,4,4,447.2041,374.9775,387.1964,3,4,0
6,4,0.2546,2,0,2,615.5677,487.8477,592.2385,7,7,0
16,4,1.0382,1,0,10,524.0002,514.0609,566.1639,9,8,0
16,4,-0.651,2,0,1,640.3987,550.5553,559.8404,8,7,0
14.5,1,-0.3003,1,0,0,467.8105,337.2469,366.0079,99,8,0
3,1,-1.9015,2,0,0,267.7854,251.3218,322.103,10,0,0
12,4,0.4248,1,2,10,466.5729,523.9562,541.7893,8,4,0
16,2,0.3983,1,5,0,486.5856,502.1353,485.8072,8,1,0
16,2,0.9758,2,0,4,583.159,512.5953,564.3484,3,5,0
16,3,-0.032,1,0,3,507.1562,465.0835,474.5219,8,4,0
16,NA,0.3476,1,0,0,644.7446,486.8949,622.4568,6,4,0
16,4,0.2893,1,8,8,508.0082,454.962,453.6944,7,8,0
14.5,4,0.5889,1,0,7,516.1663,381.8835,479.5789,8,4,0
14.5,2,-1.6506,9,0,10,408.4794,295.5206,311.9704,8,7,1
16,NA,2.7402,1,0,2,462.0621,427.0868,416.412,8,10,0
16,NA,0.1428,1,1,8,572.8516,494.1139,517.0319,8,5,0
12,2,-0.651,1,0,0,441.2248,380.1213,442.4446,10,0,0
16,6,-0.9327,2,0,10,649.571,545.6353,636.3722,8,5,0
16,6,0.8511,1,0,3,703.6697,669.9198,702.4536,8,7,0
14.5,4,-0.6709,1,0,0,509.8422,396.3065,497.1029,99,10,0
16,3,1.2368,1,1,3,483.3545,452.6593,432.7423,99,2,0
3,2,-0.3003,2,0,4,599.7572,556.1254,648.6692,8,2,0
16,4,1.3087,1,5,10,342.0732,394.7913,376.4007,7,10,0
12,2,-0.5784,1,1,4,538.5156,464.0062,450.8256,8,7,0
12,2,-0.8091,2,4,5,554.0186,508.7103,541.8513,9,3,0
14.5,4,0.5133,1,4,10,437.5591,422.5535,422.1389,8,7,0
16,2,-0.8601,2,0,2,537.7309,391.775,487.7011,10,2,0
9,1,2.1804,1,0,4,298.3049,280.062,326.4189,10,0,0
16,4,-0.4646,1,0,6,560.4937,470.6594,566.421,7,6,0
12,4,-0.8762,2,0,10,604.0554,609.9345,716.0115,9,5,0
14.5,1,-0.6458,2,0,0,283.0074,234.2716,267.8325,5,3,0
9,2,1.8755,1,0,3,435.8046,407.17,456.7641,8,3,0
NA,NA,99,9,99,99,392.7542,396.1502,390.5954,NA,99,9
16,4,0.5886,1,0,10,407.8843,339.7251,385.6414,10,10,0
16,7,0.4181,1,3,0,572.0159,484.2392,490.0405,7,0,0
16,NA,1.506,1,99,99,472.8163,457.9727,473.9907,99,99,9
14.5,4,-0.9124,2,0,5,494.8398,443.8636,503.162,NA,7,0
16,3,-0.2768,2,0,0,490.3336,512.6767,562.1628,9,6,0
16,6,2.7727,1,1,10,554.0134,508.5649,566.2116,9,10,1
3,2,-1.2089,9,0,0,413.2146,385.1361,381.3436,10,1,0
16,6,0.3624,1,0,4,508.6821,497.2479,547.1779,10,6,0
12,NA,1.0285,1,0,0,735.1633,661.7053,723.4657,9,3,0
12,4,0.2028,1,0,10,390.9006,371.3933,372.2607,10,10,0
16,4,-0.9552,1,4,6,490.5133,428.2771,443.846,7,0,0
NA,NA,-0.969,9,99,99,355.1362,363.1397,398.5637,8,99,9
12,4,0.9473,1,0,6,593.3794,511.6206,547.4686,9,5,0
12,1,0.0185,2,2,10,410.684,410.4402,418.048,99,0,0
16,4,-0.0136,3,0,1,623.883,504.0042,564.3314,7,6,0
12,3,0.3311,2,8,9,395.3901,353.8507,432.2429,99,9,1
16,NA,1.002,1,0,0,550.5434,563.1059,602.9113,8,8,1
16,2,-0.0073,1,0,2,566.2773,520.4528,509.9698,8,3,0
9,3,0.2124,2,1,8,444.8823,391.1327,473.0707,8,7,0
12,4,0.4011,2,0,5,528.8119,516.1847,509.0763,8,9,0
9,4,-1.2395,1,0,10,296.0565,306.3067,307.2221,9,10,9
9,2,0.3732,9,0,10,475.3499,419.3162,411.5522,10,10,0
NA,NA,99,9,99,99,503.8622,471.5573,522.4054,NA,99,9
16,1,-1.538,1,6,1,334.8058,319.178,314.5073,99,5,0
16,4,-0.2803,1,0,3,500.1852,472.5437,485.7475,9,9,0
16,2,-0.0073,3,0,8,416.5694,378.3641,439.155,99,6,0
16,2,-1.2415,3,0,0,393.2666,323.5389,401.933,99,3,0
12,1,-1.3354,1,0,0,301.4722,317.8759,310.5253,8,0,0
12,4,0.1891,1,0,1,481.2628,445.8494,446.0806,7,8,0
12,3,-0.3003,1,0,10,293.3069,298.3992,340.7212,7,2,1
16,4,1.682,1,0,2,538.9461,495.0515,519.4776,8,4,0
NA,NA,99,9,99,99,516.2886,527.0083,520.6384,5,99,9
12,3,2.132,1,0,0,369.5163,343.8406,368.5611,10,5,0
9,2,0.4426,1,0,2,521.295,412.625,488.719,9,1,0
14.5,3,0.2014,1,0,4,410.4395,352.7688,391.6774,8,3,0
16,1,0.7174,1,0,3,369.5742,321.6396,366.1345,10,3,1
3,2,-0.4482,2,0,0,550.3159,520.4801,542.9115,8,3,0
12,4,-1.405,2,0,2,547.6498,484.949,516.8005,9,2,0
16,3,1.3441,1,0,2,523.4652,462.5786,498.1473,7,4,0
12,3,0.4003,1,99,99,408.4797,372.6551,388.3283,8,99,9
14.5,2,0.4856,1,3,0,614.0647,511.7745,573.7241,7,3,0
16,NA,0.7445,1,10,8,525.2238,507.5709,554.8573,99,3,0
16,4,0.1891,1,0,10,512.0737,417.2904,532.74,10,5,0
16,4,-0.4258,1,0,6,527.1493,532.485,555.9342,10,6,0
12,4,0.1724,3,0,0,669.7946,582.9083,645.298,8,4,0
16,4,0.7387,1,0,0,589.3409,511.5706,599.4334,7,4,0
14.5,2,-0.5139,1,1,1,272.5412,260.7083,236.3982,8,1,0
16,3,1.2946,1,0,0,540.0683,512.2849,611.7568,9,2,0
16,2,0.1891,1,5,4,446.5122,435.8882,472.2892,8,0,0
16,4,0.9858,1,0,6,620.6673,621.833,677.103,8,3,0
12,1,-3.1147,1,99,99,338.5913,318.1635,310.2612,99,99,9
12,3,0.4505,1,0,4,461.5175,423.9474,387.1212,6,4,0
12,3,-0.6259,1,0,2,548.1602,478.602,450.7389,9,4,1
14.5,6,0.1601,2,0,7,604.7636,508.4514,559.3007,8,10,0
12,4,0.0291,1,99,99,293.9399,301.6098,301.9549,7,99,9
14.5,1,-0.843,3,6,4,353.1356,371.3315,343.1991,9,3,0
16,6,1.9042,3,0,1,552.9467,574.2129,550.9339,10,5,0
16,3,0.9524,2,0,10,535.1209,519.2551,553.8918,9,6,0
16,3,0.3085,1,1,0,360.2387,329.1635,377.2993,4,0,0
16,NA,0.2867,1,0,0,487.529,470.1292,578.4966,8,3,0
12,2,0.7641,1,0,2,602.7114,493.0254,556.6575,10,0,0
16,NA,1.2139,1,0,1,592.839,491.2513,600.8497,NA,0,0
16,7,1.2422,1,0,10,650.9636,607.5867,616.7394,9,10,0
NA,NA,99,9,99,99,529.6596,451.5887,515.29,NA,99,9
16,NA,-0.6458,1,0,8,616.1588,618.4697,671.2548,8,3,0
16,NA,0.8945,1,0,0,485.6639,497.144,513.0611,9,2,0
16,4,-0.3588,1,0,0,570.8421,599.64,601.5635,9,5,0
12,2,-1.9015,2,0,3,309.4977,316.9961,319.6101,99,1,9
16,6,-0.2097,1,0,0,593.936,540.9549,619.116,9,8,0
16,2,0.8542,1,0,2,544.6418,471.4483,529.2538,9,3,0
9,4,1.4815,1,4,3,272.5813,356.5558,373.6734,7,4,0
16,2,0.9702,1,4,4,403.0099,349.4509,344.9486,8,3,0
12,1,-0.9621,1,99,99,461.6312,426.0197,447.5143,10,99,9
12,3,1.1811,1,0,5,318.4323,365.0086,367.1396,10,5,0
14.5,2,-0.6205,1,0,3,450.674,364.4822,423.6165,7,6,0
12,3,0.5224,2,0,7,573.8997,484.3821,521.8534,8,8,0
16,4,-0.3295,1,0,2,524.0678,480.6235,504.8727,6,3,0
12,4,0.3583,1,0,2,520.6061,476.6229,496.0895,9,5,0
16,4,-0.6548,1,0,1,426.5124,386.6942,438.3869,7,3,0
12,2,-0.1315,1,0,5,412.5278,390.9413,450.1273,8,10,0
16,3,0.1428,1,0,7,447.9083,435.7101,485.7577,8,9,0
14.5,3,-0.3527,1,0,0,613.8226,597.1477,619.6593,9,5,0
NA,NA,99,9,99,99,619.7567,569.3329,598.9704,8,99,9
14.5,7,1.3291,2,0,10,535.4775,407.3137,438.4676,10,10,0
12,1,0.1296,9,0,0,569.0544,601.8244,651.6952,8,0,0
16,6,0.2886,1,99,99,500.9386,485.2181,471.5717,7,99,9
14.5,4,-1.1525,1,0,10,434.6199,400.8532,499.0371,8,0,0
14.5,4,-0.1559,1,0,2,596.5487,490.8654,548.7359,6,5,0
12,3,0.1597,2,0,0,461.6107,504.5513,483.0912,5,4,0
16,4,-0.132,1,0,0,562.1462,580.6777,606.0283,8,5,0
NA,NA,99,9,99,99,445.5525,404.9449,441.5562,NA,99,9
12,4,-0.1622,1,5,4,627.7833,570.9517,636.9433,9,5,1
6,2,0.0147,2,0,8,494.7623,357.7679,441.7231,99,6,0
16,6,0.6731,1,0,2,718.1438,660.384,713.6739,7,5,0
NA,2,0.4628,9,0,0,415.0489,343.6662,449.7172,7,9,0
14.5,6,0.76,1,1,5,512.7122,469.7784,513.2082,4,0,0
12,3,0.3449,1,4,0,284.5192,259.6613,283.4984,7,6,0
12,4,-0.8091,9,0,8,391.5966,364.0293,396.616,7,7,0
16,4,2.9915,1,2,3,486.9105,392.0119,416.2133,8,6,0
14.5,2,0.2181,1,5,9,567.6085,488.0931,470.6978,10,2,0
12,1,-0.8091,2,0,2,441.4035,516.0759,435.8558,8,4,0
3,2,-0.759,2,4,0,431.727,368.7379,419.7201,7,0,0
NA,NA,99,9,99,99,569.8499,480.5402,525.5642,8,99,9
12,2,0.7159,1,4,5,702.652,557.1023,569.04,9,2,0
NA,NA,99,9,99,99,524.6894,510.1514,546.3326,9,99,9
9,3,0.6293,1,4,0,401.2817,365.4145,356.2496,8,3,0
NA,NA,99,9,99,99,523.9787,501.2592,539.0819,NA,99,9
16,4,1.253,1,6,5,352.5854,341.463,365.8907,99,5,0
12,3,0.0395,1,99,99,355.2023,376.7311,384.3359,99,99,9
16,4,-0.1177,1,0,3,594.8232,462.0501,535.0983,9,4,0
16,4,0.6731,1,0,2,479.8681,411.285,430.084,7,10,0
16,4,0.689,1,0,0,445.2085,484.2589,466.3322,10,10,0
12,3,0.3344,1,0,0,533.6216,482.0575,517.1937,8,0,0
16,3,1.7606,1,0,10,633.3968,505.8504,539.9138,8,10,0
12,NA,0.9449,2,0,2,422.7406,446.0071,484.5038,8,2,0
16,NA,0.6793,1,99,99,490.0553,465.0428,463.999,8,99,9
16,4,0.66,1,0,7,654.5501,571.1035,581.4786,8,2,0
12,NA,0.5349,2,1,5,567.1602,557.9705,567.9126,8,10,0
16,2,-0.2812,1,2,10,486.4853,454.2071,553.5981,8,6,0
16,2,-0.2875,1,10,0,536.625,530.8926,541.2039,9,0,0
12,4,-0.3003,2,0,5,508.2678,488.2561,475.8913,8,3,0
16,6,1.516,1,0,5,631.9173,562.7882,608.5151,8,3,0
14.5,NA,1.0285,9,0,10,618.7312,536.9287,557.1413,8,9,0
12,4,0.879,1,0,4,726.5741,640.229,724.8631,7,7,0
16,1,-0.8741,3,0,7,398.5547,349.756,392.7168,10,7,0
16,2,0.3085,1,0,6,444.6672,399.8563,420.6509,10,4,0
16,NA,0.6055,1,0,0,480.4375,417.688,481.5873,9,0,0
6,2,0.0882,2,99,99,429.3483,376.8331,368.2233,7,99,9
16,3,1.313,2,0,10,425.4695,404.8826,422.2834,10,10,0
12,2,-1.9712,1,10,0,294.8028,322.2157,324.214,5,0,0
16,4,-0.0674,1,1,2,447.659,411.9569,496.9179,7,2,0
16,3,-0.0073,3,2,1,486.2419,443.3907,450.5201,9,2,0
16,2,0.5118,1,0,0,481.345,373.7155,423.7348,10,0,0
16,3,-0.7631,2,0,5,529.7311,473.68,562.2176,9,7,0
16,4,0.7505,1,0,5,439.2171,430.1024,440.6274,8,5,0
16,NA,0.3733,1,0,5,638.5065,655.1089,617.822,8,5,0
16,3,0.5598,3,0,2,704.2682,670.1159,701.12,8,8,0
12,2,0.1371,1,0,2,538.4926,582.2837,579.6122,9,0,0
9,6,1.9458,1,6,10,403.4065,364.1001,400.3914,8,5,0
12,4,-1.7674,1,8,6,464.3017,391.5989,407.0803,7,7,1
16,2,1.2763,1,0,10,424.575,409.4268,478.9427,8,8,0
16,6,0.6453,1,1,0,723.0643,633.9379,698.5522,7,6,0
16,2,-1.4212,1,4,9,525.2036,496.3662,467.8938,10,5,1
16,2,0.4343,1,0,2,498.2499,450.9298,533.9215,9,6,0
12,2,1.3585,1,0,0,409.5407,397.7934,370.7531,8,3,0
12,3,-0.6878,2,10,10,335.4912,360.1834,385.7067,10,10,0
16,6,0.3427,1,99,0,567.1569,533.8513,501.5594,99,5,0
NA,NA,99,9,99,99,382.2037,342.7404,359.1396,9,99,9
14.5,1,-0.5752,1,0,10,331.6624,367.7327,313.9029,99,0,1
12,2,2.1651,9,99,99,322.3379,344.8051,319.1357,5,99,9
9,3,-0.8647,2,0,3,555.6444,489.0574,536.0409,10,8,0
12,4,0.1891,2,2,0,587.923,542.8506,622.1693,99,10,0
16,NA,2.5392,1,0,0,506.4427,519.9032,552.8436,8,10,0
16,3,0.0102,1,0,0,617.2916,550.7945,602.3608,9,5,0
16,NA,1.1084,1,4,10,514.6723,486.1394,536.719,99,8,0
NA,NA,99,9,99,99,577.0349,592.7807,599.0594,NA,99,9
16,3,0.1692,2,3,2,261.7558,303.3236,292.6869,8,2,1
16,4,1.0641,1,9,9,421.6519,447.3791,470.9873,7,7,0
9,2,-1.0112,9,1,6,500.5423,517.6796,516.5098,8,6,0
6,3,-1.0153,3,8,6,438.5806,407.947,391.1367,8,6,0
12,4,0.1589,1,0,0,693.0818,635.2875,636.6646,9,2,0
9,1,-1.9682,9,0,3,472.9504,406.826,481.3253,10,0,0
14.5,3,1.0229,2,0,5,503.0007,434.4218,425.1733,8,4,0
12,NA,0.4484,1,0,5,724.392,588.6612,676.8226,8,3,0
16,4,-0.3003,1,0,2,585.3317,480.004,513.894,9,3,0
9,1,-1.3503,1,5,5,366.2607,335.0827,330.6055,10,0,0
14.5,4,1.2858,3,0,0,390.7072,406.4729,428.4851,9,7,0
16,7,-1.2007,1,6,2,484.7259,465.8337,514.2353,3,2,0
16,3,0.8768,1,0,8,373.6021,394.8807,385.395,10,4,1
16,3,-0.8741,1,0,6,546.285,510.685,531.8452,9,6,0
12,2,1.0936,1,7,10,388.3329,340.5135,333.3163,8,5,0
16,NA,0.0568,9,0,0,361.8232,358.1116,382.1345,8,10,0
16,3,-0.0073,1,0,6,403.2388,364.4142,397.8488,8,6,0
16,NA,0.6882,1,99,99,574.7814,578.4521,564.8815,8,99,9
12,4,1.3895,1,0,1,583.3519,534.3357,597.9846,7,3,0
9,2,-1.2089,1,0,0,275.5992,288.4796,234.438,8,5,0
12,NA,0.7539,1,99,99,441.4737,385.6118,383.024,9,99,9
12,4,-0.5558,1,0,3,486.3237,453.0281,434.6583,99,5,0
12,2,-0.5755,1,2,4,429.9627,420.039,433.2611,99,8,0
16,2,0.9579,3,0,5,601.4832,679.7555,664.4989,8,5,0
14.5,4,1.438,1,0,0,587.4317,545.4698,573.6682,10,4,0
12,4,-0.0826,1,0,7,544.9895,436.9312,445.3446,8,9,0
16,4,1.4216,1,0,0,533.6791,531.0117,565.9274,9,3,0
16,4,-0.3003,1,0,5,471.0953,395.6658,521.5611,9,5,0
16,4,0.4946,1,0,0,601.6698,622.4544,638.0062,6,7,0
16,NA,0.3344,1,1,5,533.9986,462.3504,503.5559,10,3,1
16,3,0.4914,1,3,7,359.7244,356.6215,342.4675,6,6,0
16,2,-0.8252,1,0,0,390.2351,374.0847,333.2021,8,0,0
16,NA,0.5224,2,0,10,646.7385,620.8033,715.6519,9,8,0
6,2,-0.8787,2,0,0,407.6353,362.5065,361.1205,6,5,0
16,NA,1.8562,1,1,10,510.6866,430.6438,505.0335,8,3,0
12,4,0.5782,1,0,3,479.1119,468.633,577.9253,8,3,0
14.5,2,1.3033,3,2,6,448.0203,393.3608,415.0291,7,6,0
9,4,-0.544,2,0,4,506.893,487.2445,531.4154,9,0,0
16,NA,-0.6885,1,0,0,726.0701,618.7661,706.0378,8,0,0
16,2,-0.9602,1,0,0,299.5406,319.8733,285.9781,10,9,0
12,4,2.2514,1,0,2,553.9388,483.0092,535.1383,8,2,0
16,4,-0.2812,2,0,8,577.101,552.6269,620.2274,9,3,0
16,7,1.8439,1,0,10,479.7937,425.1591,489.3742,99,2,0
12,2,0.3311,1,4,10,529.4698,452.8945,449.7094,6,0,0
16,4,1.4904,1,1,5,552.9129,502.9969,512.3964,8,5,0
16,1,2.6397,3,0,5,467.0309,404.1794,456.8762,8,9,0
16,3,-0.9103,1,0,1,456.1528,368.4564,403.6221,99,2,0
12,NA,0.9473,1,0,5,480.5226,423.8394,508.1021,10,5,0
16,6,1.0285,1,0,7,700.7477,653.3867,686.9432,10,10,0
12,3,-1.4732,1,3,0,564.655,459.6473,512.9925,8,0,0
16,6,-1.0331,1,3,8,541.3802,528.1325,532.4805,8,0,0
16,7,1.3668,1,0,1,623.5456,594.7469,643.4657,6,4,0
12,1,0.2333,1,1,1,385.5292,448.8721,393.3259,8,2,0
16,4,1.1084,1,0,0,486.2624,483.5133,462.1348,10,2,0
16,2,1.189,1,6,10,321.8983,285.314,365.9777,2,0,0
16,4,-0.3588,2,0,9,485.0566,431.4528,486.0644,7,8,0
14.5,4,1.0744,1,99,99,277.6118,315.7436,306.7924,10,99,9
12,2,-0.2311,1,0,4,472.4394,447.0528,513.6177,9,3,0
6,2,0.3745,2,2,8,420.8886,387.1785,392.3846,7,2,0
16,3,-0.7123,1,5,0,467.489,467.6497,516.1828,8,0,0
9,2,-0.5286,1,2,5,345.7173,345.3469,371.5096,5,0,0
12,3,2.4004,1,9,10,496.1336,391.7971,468.6574,8,5,0
16,2,-0.5622,1,3,5,338.5749,327.125,302.3514,5,1,1
16,1,-1.2084,1,0,10,533.1706,440.4382,507.3023,8,0,0
16,1,0.5735,1,5,10,253.4706,328.5516,312.4427,4,6,0
12,NA,-0.0178,1,0,0,324.6313,256.8877,253.2589,10,0,0
16,NA,-1.0243,1,0,8,633.6714,525.2262,615.9227,10,4,0
16,NA,0.5624,1,0,5,484.1107,426.2962,506.5133,8,5,0
16,NA,0.7866,1,1,0,374.5363,448.3532,473.3816,99,2,0
14.5,2,-1.2296,1,2,1,606.7461,598.4747,631.3968,7,2,0
14.5,2,0.5349,1,0,0,519.4098,464.6852,440.1179,9,6,0
14.5,4,-0.102,1,0,6,527.9373,474.148,479.4071,9,4,0
14.5,2,-2.7188,2,5,10,333.024,304.8011,375.0743,10,7,1
16,3,0.7159,2,0,2,498.5637,475.036,490.9656,10,6,0
12,4,-0.3501,1,0,10,561.9756,499.0468,602.6422,7,4,1
6,2,-0.6055,2,0,10,572.1074,468.968,562.0543,8,10,0
16,4,-0.3873,3,0,2,658.294,662.0402,638.7353,7,6,0
16,6,0.8542,1,0,5,455.9363,481.6043,497.5052,7,5,0
12,2,1.7693,1,5,6,316.4837,331.1254,359.5254,6,5,0
16,2,0.8086,1,0,0,566.5207,432.9857,542.5756,9,0,0
12,7,0.232,1,0,7,652.0087,585.7665,651.7935,9,4,0
16,4,0.2607,2,1,5,614.1997,630.2236,641.803,9,8,0
12,3,0.1106,1,0,3,533.938,424.5718,476.2823,10,7,0
16,1,-1.0219,1,0,10,320.0988,373.2433,337.1666,99,0,0
12,6,-0.3012,1,4,5,474.4742,459.2121,500.1339,7,0,0
12,3,1.3033,1,9,5,360.8678,338.821,376.7379,8,6,0
16,NA,0.6023,1,4,4,391.8435,462.0407,451.9868,7,2,0
16,2,-1.0183,9,9,8,339.564,311.9649,282.9562,99,9,0
12,1,-1.2,1,2,10,279.7798,311.7689,351.9921,5,6,1
14.5,2,0.7159,1,0,0,682.0056,666.921,719.8074,7,3,0
16,6,0.034,1,0,6,598.6039,514.4355,609.2319,3,5,0
16,7,0.5496,1,99,99,439.0424,410.2715,418.7139,8,99,9
16,3,0.7333,1,0,0,575.7704,540.6264,614.548,8,0,0
12,4,0.1891,2,0,2,604.7811,565.9476,603.2782,8,6,0
16,2,0.3344,1,3,3,508.1162,436.1093,442.375,6,4,0
9,2,-0.6241,3,0,1,306.075,327.587,292.7001,10,5,0
16,4,-0.1177,1,0,4,599.9373,511.7566,576.3429,10,2,0
16,4,0.0625,1,1,3,458.5112,390.1905,417.5917,8,0,1
12,2,0.6816,1,0,1,457.5549,440.9388,508.8615,9,2,0
16,NA,-0.3732,1,0,10,562.0751,567.3631,610.2449,8,4,0
16,4,0.3849,1,0,8,549.1866,431.9812,566.4642,8,10,0
12,2,0.232,1,2,8,622.1318,503.0486,589.0612,8,2,0
16,NA,0.689,3,99,99,390.8324,438.4579,408.4693,99,99,0
16,4,0.4729,1,8,10,456.0745,402.8785,472.0397,9,6,0
12,3,-0.6259,1,0,4,524.2838,468.8283,507.9663,9,8,0
16,4,0.4946,1,0,5,549.494,565.0324,565.7499,9,5,0
16,4,-0.7283,1,99,99,590.205,566.9625,564.8396,7,99,9
12,3,0.5166,1,4,7,495.4001,489.8731,512.2627,8,1,0
16,6,2.1901,1,2,10,677.609,619.131,640.29,9,10,0
12,2,-0.3792,1,0,0,566.0546,410.7831,555.9389,8,0,1
16,2,1.6873,1,0,0,423.5268,462.5119,471.3939,9,2,1
16,7,0.2185,1,1,5,730.8705,647.323,705.3543,9,5,0
16,NA,1.3087,1,0,10,565.9799,560.7685,596.8746,9,10,0
16,6,0.1891,1,0,5,709.5476,688.7693,710.717,8,3,0
12,6,-0.3295,1,0,5,672.4659,601.6981,615.6553,8,7,0
12,6,0.7452,1,99,10,486.5468,353.3501,383.4353,10,10,0
12,2,0.0229,3,0,6,412.8843,350.2832,341.3914,7,6,0
12,2,-0.0717,2,0,2,507.1159,534.3636,571.2823,6,4,0
16,4,0.795,1,0,0,482.3615,382.3687,426.6165,10,10,0
16,4,-0.3295,2,0,10,449.979,470.2487,483.1635,99,6,0
16,4,-0.102,1,1,2,594.8981,500.9995,562.6432,10,4,0
16,2,0.5804,1,99,99,362.4126,357.6051,425.9504,10,99,0
12,2,0.8047,1,99,99,261.0004,303.4523,296.199,10,99,9
16,2,-0.0073,3,4,0,511.7091,439.5854,469.9814,9,0,0
16,3,2.45,1,0,3,626.6144,624.8965,674.9147,9,1,0
12,4,-0.4715,9,0,10,430.4101,384.2062,443.2303,9,0,1
NA,NA,99,9,99,99,444.2127,454.7325,467.6389,9,99,9
16,4,0.2546,2,0,4,422.8611,381.175,439.6355,9,5,0
12,1,-1.1108,1,0,4,663.7011,629.1385,693.888,9,0,0
16,4,0.5349,1,0,5,637.9857,572.8385,590.3743,8,2,0
16,4,0.1276,1,0,0,658.2334,637.9653,691.1797,9,8,0
12,6,0.5563,1,3,0,496.9823,526.7072,530.2528,8,4,0
12,4,-0.2758,1,0,3,476.1406,446.1208,479.5245,6,1,0
16,4,0.6324,1,0,0,663.581,486.1147,581.6807,99,5,0
16,4,0.9758,1,0,1,552.5401,556.8356,559.774,9,5,0
16,2,0.1891,1,0,0,545.5698,451.1931,552.6974,8,3,0
16,3,-1.0578,1,3,10,464.7584,433.6741,474.354,9,0,0
16,NA,1.4583,3,0,2,543.2334,442.8253,487.706,7,4,0
12,1,5.1744,9,10,0,227.2682,281.4764,255.4429,4,0,1
16,NA,0.5326,1,0,8,487.9817,510.9678,551.8903,9,3,0
16,6,-1.0503,1,0,10,507.0538,556.5223,558.481,9,10,0
12,7,1.2818,1,0,2,523.5941,432.5651,477.0348,7,0,0
16,4,0.7427,1,0,5,583.0405,466.57,617.0099,8,1,0
16,4,1.9215,9,0,4,596.7242,575.8,652.0653,8,5,0
12,2,0.5812,1,0,0,479.8778,376.8572,444.3533,10,6,0
12,4,2.2514,1,0,5,456.5916,472.4682,511.1581,8,5,0
9,2,-0.1183,3,1,5,339.307,312.9285,384.9602,6,0,0
12,1,-0.3003,3,0,3,351.1263,335.5192,330.5304,10,1,0
12,2,-0.213,1,8,10,280.1986,274.8174,266.4378,7,10,0
16,6,-0.0574,1,0,4,485.0267,435.2217,443.8486,8,5,0
12,2,0.1766,2,0,5,417.2338,400.742,340.6466,7,2,0
16,4,0.7698,1,0,10,440.9359,404.4743,450.6984,7,8,0
16,2,0.9217,1,0,2,501.657,447.5512,515.4308,8,2,1
16,6,0.2181,1,0,6,484.1037,429.4747,485.5335,8,7,0
16,1,-0.7829,2,99,99,302.5857,366.2314,316.7103,9,99,9
16,NA,0.7159,1,0,2,547.7426,465.8718,588.2124,8,3,0
12,2,0.212,1,0,0,466.2305,462.846,467.8751,9,5,0
16,6,-0.1795,1,0,5,761.8116,591.0831,644.8236,7,5,0
16,3,0.8511,1,0,0,504.7341,502.3938,501.7149,2,0,0
16,2,0.4484,1,0,10,439.1467,445.4062,443.3216,6,2,0
16,NA,1.4988,1,0,0,560.2976,585.802,613.9195,9,10,1
16,1,-0.3752,1,99,99,447.5837,420.5982,443.3325,6,99,9
12,4,-0.9624,1,4,2,519.7314,458.2789,464.5806,10,3,0
12,3,-0.6,1,1,2,539.4291,530.0334,557.021,9,7,0
16,6,1.2125,1,0,5,743.6168,621.7366,667.5397,8,5,1
16,3,-0.6259,1,0,2,586.8965,541.2239,607.2907,10,3,0
16,7,2.5618,1,0,0,648.8413,603.8153,662.972,9,4,0
12,4,-0.1182,9,99,99,496.7169,500.149,504.1843,7,99,9
16,1,-0.2027,1,5,10,343.729,379.4051,407.6624,10,10,0
16,4,0.3344,1,0,2,631.5107,585.7451,628.9591,7,3,0
14.5,2,0.4203,1,0,7,434.4229,404.5819,483.9594,9,0,0
16,NA,0.3402,1,0,0,524.3036,489.565,511.6755,10,4,0
16,1,0.0463,1,99,99,283.6592,322.372,370.0567,10,99,0
16,NA,1.3841,1,0,0,623.6611,518.9269,635.2451,6,5,0
16,2,-1.405,1,0,7,405.4311,480.2262,489.4752,99,10,1
16,7,1.438,9,0,5,527.8772,575.8063,582.9863,10,10,0
12,3,-0.3295,3,0,10,526.4985,472.9198,524.5255,9,5,0
16,6,1.4998,1,1,10,481.8255,458.0194,468.2589,6,7,0
16,4,0.3909,1,2,2,603.1157,539.632,591.6745,9,6,0
12,3,1.3838,1,0,10,365.6075,330.0043,346.7512,6,4,0
NA,NA,0.8511,9,99,99,521.8584,540.7749,551.043,9,99,9
16,4,0.4668,1,0,0,610.6114,456.5874,595.2176,9,7,0
12,4,0.8511,1,2,4,578.0855,453.4435,521.5298,7,1,0
14.5,2,0.6349,1,6,2,428.4289,363.8089,431.8266,9,6,0
12,1,-1.5522,1,0,2,478.3457,461.3766,490.5043,8,0,0
16,3,-0.4301,1,0,3,529.2442,462.4216,428.5871,6,5,0
16,4,1.1343,1,0,0,664.2358,643.6914,690.1795,8,4,0
12,4,-0.4435,2,0,0,438.6292,409.6695,377.6161,5,2,0
12,1,0.1756,2,0,0,444.1109,381.9096,404.6368,9,6,0
16,4,1.1813,3,0,0,479.4597,493.8269,548.9427,10,7,0
16,3,0.4787,1,2,4,445.4045,408.7376,423.4525,10,8,0
9,2,0.203,9,0,3,356.8311,342.8032,324.514,99,6,0
12,7,1.3144,1,1,0,501.1689,490.5435,560.734,7,3,0
16,4,0.737,1,3,7,384.5658,393.9175,390.4473,4,6,0
16,3,1.0281,1,10,10,386.2325,372.638,373.5437,99,10,0
12,2,0.0463,2,0,8,510.262,457.6521,492.5461,9,6,0
12,4,0.0898,1,5,5,607.5023,503.8248,555.5582,9,0,0
12,4,1.1217,1,0,5,425.394,411.0729,412.713,99,10,0
16,4,0.4152,1,2,2,545.1791,476.659,503.7994,4,4,0
12,3,-0.4438,1,5,1,432.7238,348.4711,401.6025,9,2,0
16,7,1.4583,2,0,4,454.4842,389.4693,423.4826,99,10,1
14.5,4,-0.0073,1,0,0,672.048,559.5375,662.3078,6,2,0
16,4,0.5383,1,0,1,517.8406,518.0798,487.6999,7,3,0
14.5,3,-0.2812,1,0,0,379.9381,390.3351,421.2,9,0,0
16,2,-0.282,2,2,10,403.241,407.1197,377.6434,7,7,0
16,4,1.0229,9,7,0,550.0855,507.1856,511.0486,6,0,1
16,4,0.5166,1,0,4,539.4209,447.7619,421.1696,10,8,0
12,4,0.7387,1,0,0,508.6223,496.8028,484.6247,99,5,0
12,2,-0.6,2,0,2,593.5132,588.062,544.7674,99,5,0
16,3,0.2801,1,0,8,584.6809,553.9927,620.7991,9,4,0
16,3,-0.159,1,0,10,466.8803,451.9618,416.9182,6,10,0
12,3,-0.4016,1,1,0,352.7881,419.7849,427.9946,99,0,0
14.5,6,1.2071,1,0,5,538.2765,427.4362,463.4002,9,3,0
16,4,0.8768,1,2,2,654.36,632.2328,660.9465,9,5,0
12,3,-0.4746,1,2,3,505.5272,493.7081,521.4018,8,5,0
16,NA,0.1816,1,0,0,713.6605,617.8153,654.1076,8,0,0
16,3,1.2831,1,0,0,519.2123,527.4591,560.6022,5,2,0
6,1,-0.1632,2,0,3,601.961,544.4194,646.0843,10,2,0
12,2,-0.6259,1,0,2,577.018,420.5215,536.6572,99,8,0
12,4,0.5869,1,1,0,375.0096,345.9202,379.3961,10,7,1
16,2,0.5432,2,99,99,434.7798,435.8062,410.4342,9,99,9
12,3,-0.3588,1,0,0,481.6298,407.5786,429.6229,8,6,0
9,2,1.0991,2,8,4,470.0735,424.5728,442.7232,10,10,0
12,3,0.1588,1,10,6,553.705,538.8623,591.4718,7,8,0
NA,2,1.0005,9,0,8,494.9854,455.6461,484.2601,8,6,0
16,6,-0.4679,1,2,5,616.8331,517.1383,564.0846,6,5,0
16,4,0.1403,2,0,0,798.1836,645.1202,712.8224,8,5,0
12,1,-0.9237,2,2,0,486.9979,502.92,491.9342,6,0,0
14.5,6,1.3494,1,4,9,605.0538,532.7238,623.4489,9,6,0
16,NA,1.4726,1,99,99,562.4419,487.0438,483.2251,99,99,0
16,4,1.2139,1,0,1,499.7753,436.2398,478.354,8,5,0
16,4,-0.1622,1,0,10,590.1219,508.232,610.1054,10,2,0
16,NA,0.66,1,0,3,675.84,704.0348,701.678,5,10,0
12,4,0.5224,1,0,10,548.8664,550.7799,528.6987,8,2,0
16,2,1.1343,1,10,0,312.9821,322.2177,330.6729,9,6,0
12,3,-0.0683,2,4,10,594.7456,494.2889,537.0726,9,6,0
16,4,1.3646,1,99,99,286.4377,292.3633,326.7846,9,99,9
16,4,1.4326,1,3,2,427.7447,398.0067,464.4638,7,4,0
16,4,0.232,1,1,1,494.3951,561.0644,637.0042,9,3,0
12,4,-0.213,1,10,10,538.2326,451.0972,504.2717,10,10,0
16,6,2.511,1,4,0,438.1182,456.1113,458.0488,99,3,0
16,3,-0.2873,1,0,8,488.7961,440.8365,438.5627,10,10,0
16,2,-0.8957,1,0,8,447.9827,382.7095,454.5512,10,10,0
12,7,0.5166,1,0,9,636.6041,556.7624,622.9104,7,6,0
16,2,-0.748,1,6,2,517.403,391.9198,498.5434,99,1,0
16,2,-0.7123,1,0,7,443.597,371.4162,424.7386,7,4,0
NA,NA,99,9,99,99,401.8421,403.3433,436.344,99,99,9
16,3,0.7159,1,0,10,634.2171,588.2291,654.3627,6,4,0
16,3,-0.8787,3,0,10,407.784,392.2948,385.1057,10,9,0
12,4,2.4082,2,0,0,449.7039,385.5904,408.8824,10,0,0
16,3,1.2898,1,2,8,460.6505,435.3368,445.2879,8,1,0
9,3,-0.726,9,99,99,287.593,319.7416,309.8745,7,99,9
16,2,-0.7123,1,0,3,385.8634,354.3129,332.6612,7,1,0
12,2,-1.7635,1,2,10,407.4324,378.4939,395.1617,9,2,0
16,1,-1.7465,1,4,5,275.7787,262.1467,216.8034,5,5,0
16,4,-0.6205,1,0,10,443.7746,449.0274,449.6953,10,8,0
12,2,-0.651,2,0,5,493.5486,412.523,479.7574,7,9,0
16,3,-0.0144,3,0,0,455.5963,464.181,438.9225,7,0,0
16,2,0.4414,1,99,99,476.0158,482.477,485.0463,9,99,9
12,NA,-0.3109,1,0,4,615.3848,582.1389,662.036,8,6,0
12,4,0.9246,1,3,5,686.3702,588.5779,683.9416,10,5,0
16,6,1.0303,1,0,0,636.4564,547.9229,606.9764,7,8,0
9,3,-0.1795,2,0,3,407.9444,396.4757,400.542,7,6,0
16,NA,-0.1742,1,0,0,378.2813,338.4338,351.1482,10,5,0
16,6,1.0526,1,99,99,526.9804,497.6399,531.6563,7,99,9
16,6,0.7213,1,0,8,418.9872,478.4303,422.5482,99,6,0
16,1,0.1883,1,0,4,553.612,612.3142,637.7551,8,1,0
12,3,-0.0136,2,0,3,488.3937,476.4154,486.2632,8,6,0
NA,NA,99,9,99,99,399.9232,376.0549,396.1158,9,99,9
16,4,0.2292,2,0,10,550.5964,554.6087,596.7391,9,3,0
14.5,4,-0.102,1,0,6,531.8986,430.8455,500.1174,10,10,0
16,7,1.4896,1,99,99,395.9481,386.2272,385.1097,10,99,9
16,2,1.7853,1,0,0,367.4853,324.7691,363.2733,5,2,0
16,2,-1.7306,1,0,10,351.11,337.0369,391.6224,4,4,1
16,6,-0.4293,1,2,4,496.6319,468.3119,432.9073,10,10,0
16,4,1.2831,2,0,3,506.6521,447.1135,475.6178,6,8,0
16,2,1.6298,1,10,10,270.4383,288.4188,281.469,NA,10,0
16,2,0.0495,1,0,4,564.1473,493.189,546.1941,10,2,0
9,2,-1.7465,2,0,2,479.1574,444.485,482.4093,8,4,0
16,1,0.9758,9,0,0,286.4915,298.2455,324.2586,7,0,0
12,1,-1.4484,2,7,10,422.8911,352.7178,416.3193,8,6,0
16,4,1.3087,1,3,0,653.532,637.5554,643.0806,9,0,0
12,2,2.374,2,0,3,469.6421,435.1141,477.0822,7,1,0
3,3,-0.0971,2,0,5,492.9854,506.2612,525.0813,99,1,0
12,4,0.3507,1,0,10,430.8742,395.4735,406.4144,10,6,0
12,3,0.232,2,0,10,529.7181,522.4309,542.7622,4,4,0
16,4,0.4946,1,6,1,495.7663,428.887,425.7258,8,10,0
16,7,1.2084,1,10,0,481.2438,511.528,466.5934,8,0,0
9,2,0.3849,1,4,7,433.1063,338.2522,318.0653,8,4,0
16,4,0.2886,3,99,99,500.2339,483.2639,485.6998,8,99,9
12,6,0.4207,1,0,10,551.8477,453.4657,537.631,7,6,0
16,7,-0.0262,1,0,3,732.7545,647.7323,694.4005,9,5,0
16,6,0.7452,3,0,10,536.6888,435.2862,454.1755,10,7,0
16,2,1.6393,2,0,10,554.174,469.0462,499.5794,8,4,1
16,2,-0.5252,2,8,1,347.3596,273.5576,289.4006,9,4,0
12,3,1.2656,1,0,5,509.7238,459.8417,495.6401,10,10,0
16,3,-1.842,1,0,6,544.8414,546.6048,568.8313,9,4,0
9,4,-0.102,1,0,0,504.221,480.4564,510.0966,4,2,0
16,1,1.1192,1,0,0,328.163,287.4804,321.0749,6,0,0
12,1,-0.0145,1,0,6,468.4572,413.2153,470.8857,8,6,0
14.5,4,0.2098,2,0,2,501.8665,380.7083,485.103,8,2,1
16,6,0.2292,2,0,8,590.4585,538.6487,561.8663,8,4,0
16,2,0.232,2,0,5,646.4562,630.3136,654.182,8,5,0
12,4,0.66,1,0,2,628.6589,561.2254,639.6155,9,1,0
16,4,-2.0306,1,0,10,326.8177,314.1549,339.2198,6,0,1
16,1,-0.5988,2,5,2,590.1156,477.7938,560.5312,8,0,0
16,NA,0.6731,1,0,4,546.8341,472.0082,546.6738,7,3,0
9,3,0.8053,1,0,0,454.5144,440.026,449.9276,10,8,0
12,4,1.4896,2,99,99,439.4504,431.1714,456.9524,8,99,9
3,2,-0.3356,2,0,0,462.198,305.7187,359.5723,8,0,0
12,NA,-0.1622,2,3,2,571.8774,531.2901,586.8161,9,3,0
12,3,0.5092,2,7,10,528.2326,541.3561,584.594,8,5,1
12,2,-0.982,1,0,1,550.2701,481.5922,537.1488,8,2,0
16,4,1.2345,2,0,3,585.164,451.6359,505.9143,8,8,0
16,2,-1.1605,1,0,1,325.0161,264.9845,295.0673,9,0,1
16,2,1.9644,9,0,10,364.1336,397.3089,404.5206,5,4,0
12,1,-1.3554,9,0,10,346.561,338.3266,340.2678,8,10,0
16,1,-0.9263,1,0,0,321.8505,313.1595,325.3006,99,2,9
16,2,1.355,1,0,9,452.3497,446.628,451.7614,10,3,1
16,6,0.3461,1,0,8,645.7076,492.2512,555.3885,10,2,0
16,4,-0.3588,1,0,0,770.6798,643.6304,710.1423,7,5,0
16,4,0.5349,1,0,4,461.1208,449.0106,501.7285,7,7,0
16,2,-0.4745,1,5,5,596.9455,539.596,594.8208,8,0,0
12,3,-0.0073,2,0,5,335.4943,340.1882,353.238,8,5,0
16,3,0.3311,1,1,7,440.6643,409.6713,477.043,7,2,1
16,2,0.3311,1,2,8,489.0186,419.4206,481.7086,7,4,0
16,7,1.0285,1,0,6,586.4586,566.4594,562.1911,10,10,0
16,3,-0.3588,1,7,5,463.1376,361.8515,411.0609,8,4,0
16,NA,0.7159,1,1,7,548.3689,436.0613,502.3445,5,7,0
12,1,1.3291,1,0,0,440.1946,328.8654,421.4866,7,4,0
16,2,0.2607,1,2,1,508.0371,464.452,523.7404,10,7,0
16,4,0.3535,1,6,6,450.9722,421.8973,418.0564,8,5,0
12,4,-0.0073,9,0,3,543.0927,457.0625,487.5943,9,8,0
16,4,0.3641,1,0,3,594.5059,555.0746,608.5848,10,8,0
16,NA,1.1605,1,0,4,609.8268,544.2838,602.5491,9,4,0
16,3,0.7159,1,0,0,593.055,572.6179,610.5667,9,5,0
16,4,1.0229,1,0,0,566.2198,563.4654,595.2849,10,3,0
16,2,1.9113,1,3,8,417.8771,366.1962,480.9784,9,3,1
16,4,0.7159,1,0,0,596.0823,538.4551,598.5796,10,5,0
16,4,0.183,1,0,10,503.2895,492.4561,538.3433,10,5,0
16,NA,0.5035,1,0,4,740.2161,688.2885,691.5719,7,5,0
16,NA,-1.6141,1,0,4,657.2167,549.0787,641.7994,10,4,0
16,2,-0.1114,3,0,7,509.7719,426.2644,435.7103,99,5,0
16,4,0.1428,1,0,0,585.9073,535.0211,537.0834,8,1,0
16,3,-0.6055,2,0,0,577.4759,619.7464,598.2305,7,2,0
6,1,-1.064,2,4,8,528.707,447.5257,532.9263,99,6,0
16,2,0.4484,1,0,5,545.2925,504.7327,553.0702,7,3,0
12,2,0.7427,1,0,4,565.28,517.7383,603.7793,8,1,0
16,2,-0.3295,1,99,0,354.7749,268.0399,291.0797,8,3,0
12,2,1.0229,1,0,0,400.1925,356.6129,386.5417,8,0,0
9,1,-1.2092,2,99,99,396.278,419.8872,396.9046,8,99,9
16,NA,-1.2294,1,0,5,730.1788,736.7931,761.524,7,6,0
12,7,-0.9477,9,4,10,426.4474,402.3803,432.5501,7,4,0
14.5,2,-0.102,1,0,10,431.495,422.8301,449.9005,9,0,0
16,3,0.8245,1,0,2,560.7152,520.3067,552.8802,6,3,0
14.5,3,1.1998,1,99,99,443.0061,470.7436,462.3677,8,99,9
16,NA,1.1551,1,99,99,374.8389,362.9103,351.4736,5,99,0
12,1,-1.8366,1,99,99,338.262,276.0303,321.8478,8,2,0
16,3,0.2419,1,0,0,549.9991,482.7404,553.4553,NA,5,0
16,NA,1.465,1,4,10,443.8967,420.8952,450.3903,9,7,0
16,2,-0.2812,2,0,7,463.7558,460.6717,518.7871,7,4,0
16,NA,1.3058,1,0,5,634.6518,627.7613,680.0943,10,3,0
16,4,-0.3724,1,0,7,426.0662,399.6429,438.7048,8,4,0
NA,NA,99,9,99,99,662.2647,594.0674,647.1067,9,99,9
12,4,0.3777,1,0,2,536.3664,472.1868,513.208,8,2,0
16,4,0.1891,1,0,5,667.3254,508.6464,631.2975,10,7,0
16,NA,-0.3527,1,0,8,505.9112,450.9654,466.6959,9,7,0
16,2,0.6543,1,0,1,476.6597,418.0495,373.9735,7,0,0
16,3,0.5224,1,1,10,436.4068,329.8495,400.282,8,10,0
16,3,0.5166,2,0,5,565.9023,585.0456,604.6222,7,3,0
12,1,-0.8198,9,0,8,374.6747,391.7519,423.7728,99,0,1
9,4,0.7374,2,7,10,384.7523,389.2432,366.9602,7,9,0
16,2,-1.2294,2,0,7,460.4497,444.0684,408.2946,99,5,0
12,2,-1.8155,1,0,2,310.3323,323.2975,297.0678,5,0,0
NA,NA,99,9,99,99,468.011,426.5601,452.9303,9,99,9
16,2,1.3841,1,0,4,475.9474,415.3753,458.4363,6,6,0
16,NA,-1.5237,1,8,6,356.7241,466.4068,393.4042,8,4,0
12,6,1.0529,1,99,99,409.108,378.0492,388.8322,9,99,9
12,2,0.183,2,0,3,552.7285,480.8391,526.8313,8,7,0
16,NA,-0.3295,1,0,9,579.9079,547.4414,571.357,99,8,0
16,4,0.5869,1,0,2,590.7127,552.1267,615.0447,10,8,0
12,3,-0.0073,1,0,6,546.9052,367.8818,451.6694,7,5,0
16,7,0.5598,1,0,4,736.884,709.8434,729.8646,7,7,0
16,3,99,9,5,3,234.0218,262.3445,218.8462,99,99,0
16,3,1.0285,1,0,10,404.5798,342.7647,384.3499,8,4,0
12,NA,0.4639,1,0,5,564.2015,553.0963,591.686,9,6,0
16,NA,-0.5191,1,0,2,697.009,651.5918,712.4818,8,3,0
16,4,-0.4482,1,0,0,329.372,414.8991,434.5394,99,2,1
16,NA,1.5375,1,0,5,572.4144,521.0989,594.1642,10,7,0
16,NA,0.9745,3,0,2,570.5423,587.2446,580.2302,8,10,0
16,4,1.1813,1,1,5,683.0628,537.7196,642.5336,9,2,0
12,2,-0.6259,1,1,2,441.1621,382.3057,481.3314,99,0,0
14.5,2,-0.2831,1,0,0,382.8278,321.4418,336.3612,10,10,0
12,3,0.8511,2,1,3,705.229,641.207,715.7322,8,3,0
16,4,1.1343,1,0,6,491.3543,405.5437,487.6263,9,0,0
16,2,-0.3732,1,0,0,530.9625,515.2988,496.6847,9,4,0
16,4,1.7693,1,0,2,497.1162,450.8235,517.8754,9,4,1
12,3,0.9284,1,0,0,673.1286,549.9848,661.6931,9,2,0
9,4,-0.7219,1,99,99,406.4256,395.5696,397.5624,10,99,9
9,1,-0.1795,2,10,0,330.4018,331.804,296.8203,6,2,0
12,NA,0.6813,1,0,0,617.4137,523.8744,550.7264,9,2,0
16,NA,2.777,1,0,0,586.7784,515.809,531.4198,10,2,0
9,2,-0.1622,1,0,0,540.5016,422.9946,496.5264,7,4,0
9,2,0.2028,2,0,4,299.5542,311.5386,326.815,99,2,0
16,4,1.3869,1,0,0,512.8675,499.9857,554.6479,8,3,0
16,3,1.5788,2,0,9,398.3212,315.3157,370.1494,10,2,1
16,3,1.0849,1,5,10,539.6814,556.3379,643.3184,7,3,0
16,4,-0.3493,9,2,1,716.0377,622.4584,654.7823,9,10,0
12,4,0.3085,2,0,4,491.8423,419.6319,502.3077,9,6,0
16,4,-0.3302,1,0,0,599.1904,566.3054,641.3866,10,0,0
16,3,1.9651,9,0,0,548.3072,397.2307,466.3529,8,3,0
9,4,0.5349,1,0,5,486.8468,437.7217,515.1434,9,8,0
16,3,0.9758,1,0,5,667.1062,638.7572,737.6968,8,1,0
9,2,0.2657,2,0,3,633.0266,528.5531,619.5455,8,2,0
12,4,-0.3003,1,10,9,516.6912,497.0187,497.6831,8,8,0
16,4,-0.132,2,4,10,514.0545,494.3996,566.9655,8,10,0
12,3,-0.3595,1,0,0,440.2059,433.3708,466.7987,7,0,0
12,3,0.183,1,0,5,534.5575,469.5074,523.7693,10,1,0
16,1,-1.3073,1,4,4,349.8821,355.8976,387.5978,6,0,0
12,4,-0.2768,2,0,2,421.2156,335.1561,340.0861,5,3,0
12,1,-1.8558,3,99,99,422.3256,393.8971,398.1965,10,99,9
12,4,0.5029,1,0,5,455.1012,431.9081,435.0573,9,7,0
16,4,0.9135,1,0,8,427.8985,442.2566,478.428,10,0,0
16,2,0.1597,1,10,10,359.8684,367.5471,438.6761,7,10,0
NA,NA,99,9,99,99,591.388,567.8074,586.7165,NA,99,9
16,4,0.8945,1,9,6,380.6822,388.4895,388.4868,99,8,0
16,3,1.1343,3,0,10,422.7692,430.0973,493.1419,8,3,0
NA,NA,99,9,99,99,452.9782,454.5001,465.3952,NA,99,9
12,1,-0.9816,1,0,99,389.9296,379.2839,392.6896,5,0,1
16,4,0.5383,1,0,3,561.2589,520.3368,569.7913,8,7,0
12,NA,0.9311,1,0,5,577.9893,527.1592,584.973,6,6,0
12,4,0.2028,1,10,10,477.7687,442.7209,464.3681,10,4,0
16,4,0.8142,2,0,5,744.3301,645.3145,687.7507,9,10,0
14.5,3,0.5327,1,7,9,385.2181,360.7552,389.3417,10,10,0
16,6,0.232,1,0,5,701.9118,606.9143,646.8999,7,10,0
16,4,1.3547,1,0,0,406.0931,306.8916,395.2476,5,0,0
9,3,0.7863,2,0,0,458.3109,412.8327,458.5011,10,4,0
14.5,4,-0.3404,1,99,99,434.4324,395.6969,437.5527,99,99,9
9,2,-0.3003,2,0,2,513.9484,515.957,524.056,7,3,0
16,4,0.6816,1,2,1,459.1209,412.3516,392.8759,5,5,0
14.5,3,0.1597,1,0,5,531.8537,411.2873,403.1214,8,2,0
16,4,0.5439,1,0,10,493.3098,468.0096,496.9374,99,3,0
9,2,-0.5198,1,0,0,467.3373,491.3696,488.3259,10,10,0
16,3,-0.7654,3,0,3,498.9671,482.2841,529.0635,NA,5,0
16,4,-0.6045,3,6,2,291.7632,296.9123,365.0436,10,6,0
12,4,0.9688,1,0,1,487.5315,434.8786,436.1607,8,6,0
16,3,0.9686,1,0,4,492.8986,445.3891,497.6973,8,5,0
16,1,0.1891,1,0,0,476.4948,439.7355,459.1655,7,0,0
16,4,-0.1622,1,0,0,650.818,624.6531,654.2394,10,7,0
12,4,-0.1527,1,6,2,526.8387,449.7223,459.0086,8,3,1
12,4,-0.102,2,4,4,678.1094,572.1451,561.7015,10,5,0
16,4,0.318,1,0,3,720.9986,536.2553,711.5302,6,3,0
16,4,1.5906,1,0,3,525.0789,519.0842,564.7765,6,5,0
16,NA,3.2153,1,0,99,325.9417,317.9648,301.5393,10,4,1
16,7,5.1744,1,0,10,480.1081,512.8908,532.8138,10,2,0
12,3,1.0409,1,0,7,528.2108,451.1263,534.3311,9,0,0
12,4,2.7358,2,0,10,321.8633,323.6877,347.123,7,0,0
NA,NA,99,9,99,99,519.989,458.1691,515.1149,NA,99,9
12,4,-0.3003,1,4,0,476.7196,375.5923,418.4323,9,10,0
16,3,0.9968,2,0,6,483.0006,527.3842,507.7331,99,5,0
14.5,4,-0.3302,1,0,3,687.1265,541.9114,618.6585,7,3,0
9,NA,0.27,1,3,6,597.514,513.8154,577.5522,10,1,0
16,4,0.7159,1,2,4,650.3856,571.9735,635.3541,8,4,0
12,3,0.2412,1,0,4,563.6011,462.5739,479.1188,10,4,0
16,2,1.4098,1,10,0,323.1395,312.4547,295.7437,10,0,0
NA,4,-0.3032,1,8,10,326.533,334.5357,303.3679,4,0,0
16,4,0.8511,2,3,0,605.9922,567.0219,576.5903,6,10,0
12,2,1.0229,2,0,10,517.2104,430.6153,495.288,7,7,0
12,3,0.1891,1,0,10,485.2142,421.6337,486.5636,9,0,0
6,1,-1.6413,2,0,0,400.9491,318.4891,344.6952,99,10,0
16,NA,0.2325,1,0,3,614.6647,506.4375,556.8695,10,5,0
12,3,-0.0998,1,0,0,405.9867,418.7504,421.1911,5,2,0
16,6,-0.6785,1,0,0,439.3675,398.2242,421.1689,9,0,1
16,7,0.7159,1,2,10,545.376,503.5551,587.2806,8,8,0
9,2,-0.4482,1,0,2,460.3732,407.845,397.1678,10,7,0
12,6,-0.132,1,3,6,474.0155,433.3628,417.4674,8,0,0
12,3,1.247,1,99,99,391.5792,363.2454,387.1152,6,99,9
16,4,1.1343,1,0,0,521.7295,473.3763,544.2067,8,1,0
16,2,-0.9079,1,0,8,526.2126,433.2628,509.03,8,7,0
16,1,-0.0287,1,0,3,591.9331,563.4395,596.7113,7,2,0
16,4,1.4757,1,2,6,401.782,373.9578,362.0926,9,3,0
12,2,-0.0136,1,0,0,527.6003,456.0425,523.8295,99,1,0
12,4,-0.3295,2,0,9,439.8502,398.9299,449.3338,99,7,0
16,4,1.002,1,0,4,673.5577,595.7909,650.4123,7,5,0
14.5,NA,-0.9479,1,99,99,541.872,495.413,527.2635,10,99,9
16,4,0.1592,1,0,4,560.0462,502.3989,550.6192,8,10,0
16,NA,0.0255,1,0,6,498.9224,446.0366,481.7356,99,0,0
9,3,2.4238,1,0,6,269.5635,323.7128,371.6335,7,4,1
16,3,0.4042,1,0,10,491.9322,471.5602,476.5764,8,4,0
16,4,-0.1177,1,0,0,555.0095,468.4353,515.2164,8,8,0
12,3,0.8693,2,10,4,496.6285,444.7466,442.8624,8,0,0
16,3,-0.651,1,0,10,747.3432,618.8179,678.2027,99,7,0
16,6,1.4983,1,99,99,395.7886,374.6524,368.2067,10,99,9
9,4,-0.8321,2,0,10,477.2379,455.9452,483.0603,9,4,0
12,4,0.1106,1,0,5,645.187,544.0075,643.3929,9,0,0
16,4,2.4008,1,6,10,393.3351,310.4132,323.854,7,10,0
16,4,-0.3588,1,0,1,527.5267,474.012,474.136,8,5,0
16,NA,0.1713,1,10,10,359.0719,370.2162,356.3009,8,9,0
16,6,-0.0877,1,0,0,692.9363,541.1109,599.1467,8,5,0
16,NA,0.1106,1,0,0,705.025,736.2648,733.2925,9,10,0
16,1,2.1042,1,6,8,547.9845,489.5612,519.3661,9,10,0
16,2,0.2546,2,0,10,396.5411,379.3764,413.5301,6,7,0
16,3,-0.6709,1,0,10,481.5058,459.0444,530.2418,8,0,0
12,4,-1.0243,1,0,10,558.1423,441.3765,489.5317,3,2,0
16,3,1.5532,1,0,2,516.53,411.7569,541.1107,10,2,0
12,3,0.4207,3,0,4,592.972,478.5995,572.322,9,5,0
16,4,-0.8421,1,8,7,319.9977,340.5474,373.4869,6,10,1
16,4,1.5532,1,0,0,394.5783,381.4648,411.0284,8,10,0
NA,2,0.5153,2,0,3,596.296,505.7575,543.1513,8,2,0
12,2,-1.5024,3,0,0,497.3602,489.1478,566.7337,99,6,0
16,3,2.4675,1,0,0,316.7451,306.9165,316.2609,99,10,0
16,NA,-0.9827,1,0,4,433.3522,432.4126,503.5963,9,4,0
12,NA,-0.651,2,0,10,663.3492,670.9043,686.9952,8,10,0
16,4,0.7159,1,2,9,566.504,590.6282,612.7151,10,5,0
9,2,-0.0826,1,0,3,443.4708,453.3321,505.6677,99,0,0
16,4,0.9841,3,0,5,492.8445,558.7806,566.1951,7,6,0
NA,NA,99,9,99,99,511.0601,433.5713,505.2141,NA,99,9
12,4,-0.2027,1,4,10,436.0588,457.8551,482.4664,8,0,0
16,2,1.0738,2,0,0,450.3161,483.5321,459.5459,99,4,0
14.5,4,0.3311,1,0,5,503.5168,421.0011,495.469,8,4,0
16,2,0.4003,1,99,99,486.744,460.1084,479.6273,10,99,9
12,3,0.2473,2,2,3,704.6496,588.3881,666.5351,8,4,0
16,4,-0.3391,9,1,5,602.0846,533.4285,549.9502,7,0,0
16,2,-1.3707,9,0,9,385.2222,405.072,352.6362,10,9,0
16,NA,1.2139,2,0,10,660.5771,594.8525,659.4771,10,10,9
16,3,0.0655,1,0,4,683.6766,546.9038,622.1513,8,1,0
12,2,-0.8421,1,6,7,444.1559,406.7668,456.727,8,0,0
14.5,7,0.0135,1,0,10,425.4371,454.4002,484.711,7,2,0
NA,NA,99,9,99,99,568.2987,502.1614,526.4051,NA,99,9
16,6,0.034,2,0,6,753.6451,725.1951,736.5947,8,6,0
16,3,-0.3278,1,0,8,547.5239,459.7634,531.4354,9,2,0
16,6,1.2943,1,0,3,525.2734,538.6833,611.2792,10,0,0
16,NA,0.232,1,0,3,647.2612,612.4985,621.5977,8,10,0
12,3,-0.651,3,0,4,653.9632,586.061,623.2663,8,9,0
16,4,1.7864,9,0,10,616.9242,517.1516,527.9173,9,6,0
12,4,1.7774,1,0,1,536.8767,586.428,550.7317,7,9,0
NA,NA,99,9,99,99,457.5346,403.471,459.057,NA,99,9
16,2,-0.102,1,4,5,378.4242,391.2673,427.6734,8,5,0
12,3,-0.618,1,1,10,560.9755,515.0578,565.499,7,0,0
12,4,-1.9018,1,0,7,373.6951,345.2922,340.286,8,4,0
14.5,2,0.0811,1,0,0,559.3446,530.4874,587.1388,8,3,0
12,3,0.0495,1,0,3,588.6491,535.0511,586.6295,99,6,0
3,1,-0.626,2,0,10,445.2824,441.7113,445.666,10,10,0
3,4,0.5166,2,1,7,434.9661,434.9489,435.7826,9,2,0
12,4,0.9417,1,0,3,517.6036,421.033,461.8644,8,6,0
16,3,-0.6172,1,0,6,426.1159,341.8832,395.3483,7,4,0
16,NA,0.7159,1,6,10,517.4519,492.2216,531.569,9,7,0
6,1,-1.2421,1,10,10,267.7813,308.967,240.2011,7,10,1
NA,NA,99,9,99,99,519.3022,400.341,478.6623,8,99,9
16,2,-0.1622,2,0,0,434.4616,391.6376,408.5493,99,6,0
14.5,6,0.0828,1,0,10,541.9663,536.6163,554.8998,9,2,1
16,3,-1.0164,1,4,0,394.4616,368.9572,468.1537,8,0,0
12,3,0.2473,2,0,0,456.0326,484.9476,490.1862,7,4,0
12,2,1.2264,9,0,0,443.1344,380.7121,415.1924,10,0,0
16,4,0.4484,1,0,6,588.5762,565.5286,600.9796,8,6,0
16,3,-1.0153,1,0,0,459.8897,371.3228,366.3565,10,5,1
16,NA,0.4042,3,0,0,721.6321,682.2363,682.6559,7,10,0
16,2,-0.6723,1,0,4,383.9322,358.3544,360.6489,99,10,0
16,4,0.7597,1,2,3,593.3569,640.1043,653.6179,8,5,0
16,6,0.7641,1,2,1,660.5553,516.4723,605.0221,9,4,0
16,2,1.6565,1,4,6,373.3392,362.3904,358.7068,5,1,0
16,2,-0.5298,1,10,10,241.1554,224.8876,242.5275,99,10,0
9,3,1.7404,2,0,5,568.4201,590.9206,616.4945,7,10,0
16,4,0.1891,1,0,3,547.7457,426.3524,512.8003,99,3,0
14.5,2,-0.0073,1,1,1,568.2944,544.39,562.6855,10,3,0
14.5,4,-0.5891,1,0,3,660.5043,662.2813,690.9944,7,1,0
12,2,-0.1177,3,4,0,564.4733,544.1352,595.8279,10,1,0
12,4,0.3019,3,0,3,411.543,345.7128,370.8813,10,7,0
6,2,1.0618,3,0,1,582.5551,382.5876,401.6046,7,8,0
16,7,-1.3704,1,99,99,505.8591,529.0118,514.7289,10,99,9
16,4,1.2039,1,2,3,560.8923,532.2162,522.1798,99,0,0
12,4,-0.4482,1,0,3,545.9864,488.8549,555.9707,8,5,0
16,3,1.6095,1,4,7,459.786,498.7135,517.5744,99,4,0
16,2,0.0291,1,99,99,386.3082,343.343,363.36,8,99,9
6,NA,0.0291,9,99,99,441.74,403.7045,434.574,8,99,9
14.5,3,0.1952,1,0,0,563.5159,470.3363,549.8196,10,3,0
16,2,-0.9062,2,99,99,362.2787,353.2816,357.7343,6,99,9
12,4,-0.0073,1,0,0,445.825,394.8275,471.7975,8,6,0
16,3,0.9688,9,0,3,535.4152,450.6284,536.432,99,4,0
9,2,-0.6653,1,0,10,458.2594,407.6356,441.0017,8,0,0
16,3,0.9745,1,3,6,483.4405,471.9039,462.9241,99,7,0
16,6,2.024,1,1,2,581.3107,526.8174,581.1842,10,5,0
14.5,7,0.9758,1,0,3,629.7686,534.7176,586.1996,8,2,0
12,1,-0.5434,1,0,10,292.59,336.665,416.9206,10,0,0
12,6,1.644,1,0,1,576.3888,427.2487,455.5247,8,1,0
16,2,0.1891,2,0,8,431.211,430.4015,429.1976,10,6,0
12,6,0.0775,1,0,0,606.4264,516.1497,627.6412,9,6,0
14.5,NA,-0.132,2,0,10,537.8038,517.4493,512.7631,8,10,0
12,2,-2.0887,1,0,0,422.1039,412.71,398.3591,99,2,0
14.5,3,0.7159,1,0,0,453.5156,455.7894,489.0832,99,5,0
16,NA,1.7786,1,3,5,540.7402,548.2826,554.2739,8,6,0
16,3,1.7161,1,0,0,466.9135,431.9579,456.5186,10,2,0
12,3,0.4484,2,0,2,653.1973,619.4551,621.4335,8,4,0
16,2,0.4088,1,0,5,538.7843,504.3405,541.6063,3,2,0
16,3,0.2317,1,0,0,651.9197,541.3247,558.6075,8,0,0
12,2,0.7102,3,0,1,397.9033,406.7166,418.7153,8,3,0
16,1,0.9229,9,0,0,185.8032,285.9463,294.7058,5,0,1
16,4,0.5598,1,0,2,656.8715,555.9692,636.4767,8,4,0
16,3,1.7401,1,0,5,383.0467,367.9453,399.379,99,4,0
16,1,0.4963,1,99,99,268.7379,274.1705,272.3585,9,99,9
16,7,0.6259,1,0,2,349.2913,317.5468,347.7238,4,10,0
12,3,0.4706,9,6,1,392.4967,366.8914,368.0835,4,0,0
16,4,1.0471,1,0,0,505.193,502.2178,512.1383,10,1,0
14.5,1,0.8785,1,10,5,409.398,448.5053,439.1309,9,4,0
16,4,1.7078,3,9,9,352.1044,393.8315,378.3526,6,9,0
12,4,1.1292,1,4,3,447.2955,463.5276,445.1932,8,3,0
12,2,-0.6773,9,99,99,267.9278,297.8143,290.8203,10,99,9
16,NA,2.0569,2,0,4,345.9532,417.6409,397.9332,8,5,0
16,NA,1.1343,1,0,3,626.2786,508.8042,596.2402,9,2,0
12,2,-0.4745,1,0,0,407.841,467.6015,459.0409,8,3,0
16,NA,0.0198,1,0,5,675.1185,508.6773,599.5142,7,4,0
14.5,1,-1.3015,1,0,0,483.1898,407.0798,492.6159,8,4,0
NA,4,-0.3358,1,2,10,503.1976,491.3766,545.2221,7,5,0
16,7,0.1601,1,0,6,573.749,520.0557,577.3605,9,7,0
12,2,0.8086,2,0,0,453.0108,357.101,378.0478,10,0,0
12,3,-0.2741,1,0,2,540.2758,456.3003,546.6876,7,1,0
16,3,-0.6322,1,2,10,412.0773,373.6669,402.8177,9,6,0
16,7,0.8511,1,0,0,518.3745,518.886,545.226,8,0,0
12,1,0.183,1,0,6,527.9469,492.3355,548.9149,10,0,0
14.5,4,-0.1323,1,0,2,674.3138,537.5086,587.8377,7,5,0
16,4,0.2608,1,0,2,752.2281,667.9232,745.9252,9,4,0
12,3,0.9964,2,0,6,511.1573,421.4463,508.0147,99,4,0
16,2,1.2598,1,4,4,295.659,341.7487,332.6808,5,4,0
NA,NA,99,9,99,99,416.7433,388.6075,410.4765,NA,99,9
16,4,0.1693,1,0,3,603.383,509.9143,557.8799,8,4,0
16,3,0.4484,1,0,2,590.1854,494.7578,529.2995,7,5,0
16,1,-0.1122,2,2,10,290.6818,366.4188,317.7554,8,10,0
12,2,-0.4924,2,0,4,531.1227,494.3813,526.0754,8,3,0
16,4,2.2514,1,0,0,604.9771,514.5632,562.0979,5,10,0
16,2,-0.2067,1,0,9,417.8966,376.6127,373.4552,6,2,0
NA,NA,99,9,99,99,445.0935,416.8587,428.0588,9,99,9
16,2,-1.5074,3,6,0,373.5296,396.1433,396.6329,10,10,0
12,6,1.2217,1,0,10,598.0499,553.4316,616.6039,10,0,0
12,4,1.7693,2,4,10,429.2354,444.4831,431.2306,9,10,0
16,1,-0.7095,3,10,2,299.3473,289.6081,294.5725,8,2,1
6,3,-0.8787,2,0,0,552.9025,421.4759,486.2665,99,1,0
14.5,4,0.8511,1,0,5,490.8117,423.1021,444.9043,8,7,0
16,NA,0.1428,1,0,0,519.9496,507.9428,537.7102,10,0,0
14.5,3,0.7272,1,6,8,537.2888,435.9904,509.3738,10,3,0
16,3,0.5869,1,0,10,484.4534,515.1592,511.7058,6,2,0
9,2,0.7215,1,0,2,525.861,473.6669,504.9169,10,10,0
14.5,6,-0.8383,1,0,5,499.1345,439.2003,514.1526,8,3,0
NA,NA,0.1428,1,5,10,471.7326,433.0347,521.8057,99,5,0
14.5,4,-0.3928,1,0,8,662.9198,547.5436,636.5761,7,6,0
16,2,-0.2097,2,4,0,463.5516,430.5089,466.2609,10,0,0
14.5,3,-0.2097,1,0,4,593.693,479.8176,552.7203,8,5,0
16,6,-0.2705,1,0,5,531.3167,538.7877,597.1378,8,0,0
16,4,0.7801,3,0,3,609.1329,547.611,545.0518,5,1,0
16,3,-0.2595,1,0,0,597.2434,561.9118,635.5243,8,2,0
12,3,1.3033,1,0,0,638.2887,550.2572,620.6295,9,0,0
16,4,1.4837,1,6,4,454.6237,470.9445,426.8199,8,2,0
16,NA,-0.5082,1,2,5,564.6678,564.4578,588.9326,8,5,0
12,3,-0.0875,2,99,99,387.7415,360.3531,378.9848,8,99,9
16,NA,0.232,1,0,5,656.1866,676.125,650.4226,5,5,0
14.5,6,-0.4094,1,99,99,499.7189,424.2476,467.7002,10,99,9
16,2,0.4287,2,0,0,425.4511,364.9411,364.1539,10,6,0
12,2,1.0229,2,0,3,635.2534,631.8935,678.5998,99,2,0
3,2,-1.3015,2,1,1,429.3001,414.6557,413.275,5,1,0
16,7,4.1742,1,0,2,551.0889,563.5307,593.4863,7,10,0
12,2,-1.7191,2,0,0,461.2738,394.1727,445.2122,8,0,0
16,2,0.822,2,0,2,663.3158,577.257,617.0595,8,7,0
12,4,1.3291,2,4,2,408.3641,412.1099,376.4012,7,8,0
12,2,-1.0825,1,2,10,432.0185,390.69,454.1118,8,4,0
12,3,-1.4093,9,0,6,411.2696,410.2157,425.5403,10,3,0
16,4,-0.6516,2,0,4,433.3936,468.8099,479.0337,8,4,0
16,4,1.137,1,2,4,458.7366,405.642,429.3855,9,6,0
16,NA,1.2777,1,0,3,650.6258,581.4568,604.7119,8,3,0
16,1,0.0526,3,0,10,440.1535,386.5772,434.5086,7,0,0
16,4,1.002,1,0,1,557.3543,522.3596,617.9241,10,4,0
12,3,0.8205,2,0,0,589.7004,418.6146,491.3903,8,6,0
16,6,0.4562,2,0,0,684.3684,649.999,696.5963,8,10,0
16,3,0.7159,1,8,8,479.6787,463.9375,536.7656,10,10,0
16,2,0.5224,1,0,6,535.0485,456.7288,530.7961,8,2,0
16,NA,1.8549,1,0,0,363.2355,376.0245,410.6596,7,2,0
16,4,0.9868,1,0,4,462.7731,505.7655,500.9062,10,7,0
6,2,-1.0696,1,0,10,369.5347,369.4408,367.7445,8,6,0
16,6,1.5613,1,0,0,605.3945,631.2305,630.7899,9,4,0
16,4,0.4668,1,0,5,544.1152,470.779,492.3951,8,6,0
12,3,0.5607,1,0,6,613.2789,570.7241,634.0459,9,2,0
16,4,1.0308,1,99,99,347.3743,333.4695,341.8008,9,99,0
12,2,-0.8787,2,0,8,413.8924,383.2955,414.1102,99,0,0
16,NA,0.3647,9,2,5,408.6654,424.413,427.2442,8,5,0
16,NA,0.232,2,0,2,510.7701,461.6926,526.5833,9,10,0
16,2,-1.4844,1,99,99,261.0802,281.1868,281.4003,7,99,9
16,7,2.3526,1,0,8,565.4536,521.3406,535.2835,10,10,0
16,4,-1.0502,1,0,6,602.293,512.0762,625.9337,9,6,0
16,4,0.7698,2,0,0,548.0034,486.6456,556.4337,9,2,0
16,4,0.2292,2,0,1,645.6956,638.4588,700.9019,9,6,0
16,3,0.5838,1,0,10,433.8121,375.3269,412.4739,99,4,0
9,3,-0.896,9,3,7,355.5093,363.0715,257.2095,99,1,1
12,4,0.8068,1,5,10,531.7781,475.4795,540.4763,9,9,0
16,2,0.1162,9,0,10,292.158,304.9028,315.941,7,10,0
12,6,-0.3003,1,0,4,575.9492,499.5999,547.5412,8,6,0
12,2,1.438,1,0,10,548.0226,450.2367,554.4643,8,3,0
9,1,-0.5887,2,0,4,325.499,354.3304,345.2333,7,0,0
NA,NA,99,9,99,99,548.8762,501.3001,510.0814,9,99,9
12,6,1.3547,1,0,0,627.1493,592.7116,641.7225,8,3,0
12,1,-0.5191,1,0,5,546.308,532.6759,572.3269,99,2,0
NA,NA,99,9,99,99,659.5537,561.9506,636.9513,NA,99,9
9,3,1.253,2,0,2,466.3814,443.6626,482.1065,7,4,0
12,4,0.183,1,0,0,504.0092,458.1285,525.7149,7,10,0
3,2,-0.3003,2,1,1,587.3537,533.0675,611.3453,8,6,0
16,4,0.2181,1,5,1,584.4672,474.2895,591.3637,9,0,0
16,1,1.3896,1,10,7,404.3286,401.4394,422.9168,99,4,0
16,2,-0.6055,3,0,10,424.2709,351.9168,346.6605,8,5,0
12,3,-0.0877,9,99,99,446.9543,430.3487,461.1859,3,99,9
12,1,0.4888,1,6,0,432.913,383.905,418.812,8,2,0
NA,NA,99,9,99,99,691.7212,641.3772,680.0636,NA,99,9
12,3,0.4484,1,0,0,546.1856,493.9991,562.1959,10,0,0
12,1,0.9702,9,10,0,332.3531,349.6543,363.9796,5,0,0
16,NA,2.1571,1,0,5,572.8054,505.4557,606.149,9,5,0
16,NA,-0.0605,1,0,8,546.5661,474.8492,527.2204,9,4,0
NA,NA,99,9,99,99,379.7284,402.9516,424.9731,NA,99,9
16,6,-0.0683,1,0,0,604.0551,696.1288,646.3317,9,4,0
12,4,-0.385,1,4,0,583.6079,494.2189,541.4254,10,0,0
16,2,1.1343,3,0,5,484.0495,432.0869,463.7176,7,5,0
NA,NA,99,9,99,99,612.7308,532.4062,580.2405,NA,99,9
16,4,0.3507,1,10,7,462.9433,414.061,460.8625,99,10,0
16,7,-1.0503,1,0,2,646.5383,507.0438,629.3832,8,3,0
9,3,1.1012,1,0,7,518.9054,446.9759,549.7263,9,2,0
14.5,4,1.7053,1,99,99,376.7079,378.3931,374.1948,9,99,9
14.5,4,0.0189,1,0,10,467.2311,456.1668,511.5769,99,0,0
12,1,-0.1083,1,0,0,498.1835,382.7912,426.5542,8,5,0
12,2,0.9758,2,0,7,564.493,523.4119,581.7495,9,5,0
16,4,1.2509,1,0,1,500.4983,441.1494,481.0563,10,2,0
16,3,1.3693,1,9,0,505.5357,432.5627,476.6212,99,7,0
14.5,1,-1.1824,1,0,10,409.8204,422.8519,421.6133,9,1,0
16,3,-1.9534,9,5,7,274.4074,315.8803,358.0902,10,9,1
16,4,-0.1496,2,0,5,579.5626,589.7737,665.9209,4,5,0
12,3,0.7159,1,0,6,522.0708,500.7339,588.0202,99,0,0
12,4,-0.0877,2,0,0,645.7434,614.1597,683.2894,8,3,0
16,NA,1.2602,3,0,3,587.727,489.154,552.2401,99,3,1
16,6,-0.0939,1,5,5,565.1722,527.1804,543.0497,7,5,0
14.5,2,-0.9037,1,10,10,280.8264,263.132,263.7804,10,10,0
12,1,-0.3588,1,8,6,491.7636,373.0861,423.6135,3,0,0
12,4,0.8086,1,8,2,528.8148,464.1438,460.9592,7,2,0
14.5,6,-0.6717,1,0,4,589.3511,447.7342,529.6371,8,5,0
16,NA,-0.1622,1,4,7,656.2825,635.1229,669.2039,9,5,0
14.5,3,1.3291,1,0,3,582.4767,559.6282,594.733,6,5,0
14.5,4,-0.6259,1,0,10,555.6246,516.2624,547.3257,9,3,0
16,NA,-0.8957,1,0,0,582.2724,571.8782,618.403,9,1,0
16,1,-1.1667,1,0,6,259.0598,315.1094,337.613,7,8,0
12,4,-0.102,1,3,7,549.6528,467.9155,522.7316,7,2,0
16,3,1.1343,1,0,3,506.9146,503.5824,488.0472,8,5,0
16,2,0.7159,1,5,0,460.7866,442.4019,475.254,8,0,0
16,3,1.8285,1,0,10,298.0504,410.4439,361.1235,8,1,0
16,4,0.3447,1,9,5,375.2711,399.6481,428.3128,9,4,0
12,4,0.5153,1,2,0,481.9273,389.8271,405.0159,7,2,0
9,2,1.0804,2,2,2,468.293,417.0722,391.3756,7,1,0
12,3,-0.228,1,4,5,511.0984,424.4128,418.0924,9,7,0
12,7,1.253,9,99,99,350.4274,332.7932,377.5259,10,99,9
16,4,0.7374,1,0,0,675.495,535.8007,649.2147,9,0,0
14.5,NA,0.0526,1,0,10,545.664,413.1136,523.1238,8,6,0
16,6,0.5504,1,0,4,645.5635,512.5398,587.2228,10,7,0
12,4,-0.0022,9,0,0,464.389,413.1352,408.6486,8,5,1
NA,NA,99,9,99,99,437.1561,442.108,403.2282,NA,99,9
16,3,-1.0112,3,0,1,509.114,402.1284,429.4179,9,8,0
14.5,4,0.1891,1,10,8,508.7785,414.1333,463.7762,8,0,0
12,2,0.0291,1,99,99,423.3261,377.5053,382.2139,10,99,9
12,2,-1.7809,1,99,99,508.5965,479.1799,514.613,8,99,9
12,4,0.6731,1,0,4,428.1529,439.8349,516.7774,99,4,0
14.5,4,0.0463,1,0,2,510.7598,541.483,555.9631,6,5,0
12,3,-0.3132,1,99,99,475.918,438.2735,454.7462,10,99,9
16,1,-0.6977,1,99,99,322.2302,300.4147,347.704,8,99,9
9,4,0.7641,9,0,10,414.5783,396.767,420.5,99,2,0
16,4,0.4207,1,6,6,597.1134,518.2409,568.2106,10,6,0
9,2,0.348,1,0,0,305.2803,327.3394,371.5079,99,2,1
12,1,1.1577,1,10,10,226.4125,303.1793,267.0464,99,10,0
16,4,1.3869,1,0,5,484.9334,467.9082,504.8042,8,5,0
12,NA,0.1891,2,1,1,611.4548,593.188,601.4088,8,9,0
NA,NA,99,9,99,99,519.1208,475.195,483.9826,99,99,9
9,3,0.0291,3,99,99,402.8269,371.5061,395.9726,8,99,9
12,4,0.2412,1,4,10,484.6,456.338,472.0478,99,3,0
16,4,-0.3059,1,99,99,418.652,381.0087,399.8684,8,99,9
NA,NA,99,9,99,99,469.6049,444.025,472.921,NA,99,9
9,3,-0.6,2,0,0,476.0129,479.6681,464.749,99,0,0
16,NA,0.3344,1,0,3,643.5128,577.9389,623.5073,10,5,0
NA,NA,99,9,99,99,543.326,523.6581,555.7887,NA,99,9
16,4,0.2028,1,0,1,480.5509,439.7981,489.1753,9,4,0
16,NA,1.0285,1,0,3,563.1584,533.8291,558.5337,7,3,0
6,1,-0.0574,2,0,8,491.5029,376.4013,435.041,9,0,0
16,3,0.5666,1,5,4,373.8717,372.1104,344.1054,99,6,0
14.5,2,1.3413,1,0,0,445.683,406.9866,430.535,9,10,0
9,2,1.7714,9,0,2,341.2226,318.6021,329.7179,99,1,1
12,3,0.7912,3,0,10,530.3919,535.7812,595.8607,8,4,0
12,2,0.183,9,0,3,633.3021,607.247,643.7591,9,0,0
16,4,0.0636,1,0,10,656.8386,605.5232,643.3514,10,5,0
12,2,0.1939,3,0,10,416.972,363.5204,367.5536,NA,10,1
16,NA,-0.3298,1,0,10,446.5286,488.4052,491.1752,7,4,0
12,4,-0.5434,1,0,0,428.3498,404.6364,360.6059,99,8,0
16,4,0.2801,1,2,10,442.1145,398.3422,427.9119,8,1,0
16,4,1.1605,1,0,10,627.7838,494.6128,568.787,7,10,0
16,4,-0.4067,1,0,3,558.6357,445.2231,518.3059,10,1,0
16,6,0.6543,1,0,10,408.5544,381.5594,385.1968,NA,8,0
12,4,-0.2812,1,0,4,595.2799,540.3347,610.357,9,6,0
16,4,-0.4646,1,0,0,672.1007,555.0823,620.9474,9,6,0
14.5,4,0.1891,1,6,0,411.9453,421.706,477.1995,8,3,0
16,4,1.8133,2,10,10,289.7884,335.3864,332.7878,10,10,0
12,3,-0.6,2,0,10,497.2607,393.4486,466.4953,10,10,0
16,4,-0.1114,1,0,4,562.9442,480.7405,545.9648,99,7,0
12,NA,1.002,1,8,8,441.6428,425.6429,483.9431,8,0,0
16,6,-1.0792,1,0,0,611.6888,562.31,643.3729,8,4,0
16,2,0.7653,1,2,2,486.8228,435.127,414.5354,8,3,0
16,2,0.1403,1,0,7,568.4505,467.8429,494.8846,8,1,0
16,4,-0.5829,1,0,10,404.5475,399.674,483.6649,4,10,0
16,6,1.1985,1,0,0,630.1651,545.0013,577.2767,8,10,0
6,1,0.7159,2,0,3,405.8223,455.434,441.7305,9,1,0
12,4,-0.9363,1,0,3,638.9378,570.9188,651.7495,9,0,0
16,NA,0.4946,1,3,4,530.3777,456.9697,524.5659,8,4,0
16,NA,0.2619,1,0,1,536.4669,477.3458,501.5975,8,2,1
9,2,-0.6,1,0,0,313.7807,307.5287,311.7017,6,2,0
16,NA,0.8245,2,0,6,610.9426,591.7377,602.8268,6,3,0
12,2,0.6887,1,0,3,416.9802,390.5445,422.5765,10,5,0
16,4,0.8105,1,1,0,378.3061,377.0125,409.9864,9,1,0
12,3,-0.3732,2,0,1,525.664,473.1291,555.788,9,4,0
14.5,4,1.1605,1,4,2,625.4401,588.1305,645.9671,9,3,0
16,3,0.4222,1,0,10,524.2987,492.9548,555.3341,9,2,0
12,NA,1.5638,2,0,5,553.8484,446.956,565.9426,10,3,0
12,3,0.5621,2,1,3,538.907,474.9291,536.9397,8,0,0
16,1,-0.9887,1,99,99,367.039,339.7411,365.5184,8,99,9
12,2,0.5166,1,5,3,401.2959,381.2042,400.8958,8,5,0
16,4,0.7374,1,0,6,652.8608,559.0847,655.8939,8,3,0
9,1,-0.8787,1,0,2,471.1039,426.4412,441.7367,9,1,0
12,3,-1.0619,1,0,5,419.7953,420.5117,423.2516,8,1,0
16,NA,-1.0634,1,0,2,628.7238,560.1104,595.5882,8,7,0
12,3,0.1106,2,1,0,454.1681,554.4031,469.2329,9,4,0
16,3,-0.0073,2,0,0,570.634,470.6618,498.1868,10,9,0
16,2,0.6953,1,99,99,540.1381,518.6566,502.7916,6,99,9
14.5,4,0.9131,1,4,6,495.229,492.8717,561.4643,8,10,0
12,3,0.4383,9,99,99,541.2008,509.9166,576.8924,NA,99,9
14.5,4,1.2422,1,2,7,488.355,407.9777,482.9316,3,2,0
16,NA,-0.4762,1,0,6,531.6289,449.1418,507.7448,10,2,0
16,3,-0.5191,3,0,2,719.1293,606.521,615.8355,9,7,0
12,4,-0.5824,1,0,7,535.9883,460.2471,501.1717,7,5,0
12,2,0.6116,2,0,5,547.1588,385.425,429.6244,8,3,0
16,4,0.8511,1,0,0,638.2178,509.0462,625.3231,8,7,0
12,1,-0.8741,1,0,0,500.7577,444.6773,429.808,99,5,0
16,4,-0.8905,1,2,10,512.6097,514.1408,528.0188,99,2,0
9,1,-1.6165,1,99,99,433.5992,410.0366,411.3107,8,99,9
9,4,0.2596,1,5,10,394.8504,375.1016,375.7498,5,10,1
12,NA,1.1292,1,0,4,505.6066,489.5082,482.4574,99,1,0
12,3,-0.6094,2,0,8,553.5098,430.5515,465.7669,99,5,0
12,6,0.3924,1,2,10,596.4201,513.5997,594.6508,99,6,0
12,2,0.5612,1,6,4,374.6796,468.9474,402.0806,8,2,0
6,4,-1.1374,2,3,9,525.1505,436.4549,468.7479,8,10,0
14.5,3,0.4484,1,0,0,469.7504,408.0878,423.2655,10,7,0
12,2,0.9006,9,0,3,449.4278,360.7689,420.7981,9,6,0
16,2,0.9758,2,0,0,594.2079,547.0088,603.9438,10,5,0
16,3,-1.1739,1,4,1,624.876,512.777,554.2671,9,3,0
16,NA,0.8511,1,0,0,586.6814,512.7531,553.5941,8,4,0
14.5,3,-0.2067,1,4,0,373.4779,320.9827,353.5069,8,10,0
12,4,1.0229,9,0,10,467.4685,414.8214,438.4943,99,10,0
14.5,2,-0.6776,1,0,6,578.3756,463.6305,548.8128,9,4,0
NA,1,-0.7219,1,99,99,288.6892,325.5773,297.9796,6,99,9
16,NA,-0.0877,1,0,0,687.9648,593.4484,639.585,9,5,0
14.5,4,-0.3295,2,3,4,744.6389,638.5425,728.4343,7,8,0
16,2,-0.1622,1,0,6,485.3559,500.6598,555.5031,8,0,0
16,2,-0.6259,9,0,5,483.1301,381.307,444.1531,7,3,0
12,1,1.6041,1,3,6,459.7907,492.8342,511.2558,8,6,0
12,4,1.0229,1,0,10,536.4865,477.1849,575.8546,10,9,0
16,2,-0.6632,1,4,7,448.2439,404.0143,412.8623,99,8,0
NA,3,-0.0775,2,0,6,418.2831,381.4985,362.548,7,0,0
12,2,-0.9684,1,3,4,396.7028,382.9378,415.8684,9,6,0
12,4,1.2768,1,5,10,459.5414,414.8724,408.6169,7,0,0
16,6,0.9813,1,4,4,567.9588,527.2781,477.3169,10,4,1
16,3,0.2953,1,0,10,473.5707,453.3724,474.7176,7,9,0
12,3,-1.441,1,0,2,570.0379,467.5093,594.069,7,0,0
14.5,3,0.5166,1,5,5,543.7593,514.9396,534.9148,7,0,1
16,4,2.3295,1,1,10,396.7199,353.2902,359.7914,99,1,0
16,6,0.1428,1,0,8,625.4585,585.4323,625.4268,10,5,0
16,4,-0.0683,1,2,8,398.8106,426.9864,426.5344,6,2,1
16,4,0.1428,1,0,7,520.0316,411.6949,463.3136,8,4,0
16,4,0.4114,1,99,99,575.9889,561.27,576.5107,8,99,9
16,4,1.8411,1,5,5,304.6151,354.9848,321.3787,8,5,0
12,2,1.1315,1,0,0,420.7486,353.1845,395.0528,8,3,0
14.5,2,-0.3762,1,99,99,457.0678,397.6793,437.3776,3,99,9
16,NA,0.687,1,0,4,560.0893,578.1336,600.8429,8,10,0
12,1,-0.7086,1,0,10,390.7351,357.6933,425.9236,7,8,9
16,6,1.7188,1,3,3,556.5388,496.3439,580.6664,9,5,0
9,4,-0.5567,2,0,0,551.8729,488.8638,533.3794,7,7,0
9,3,0.0655,2,0,6,474.0533,446.175,463.0405,7,6,0
16,6,0.1337,1,0,5,553.4996,454.1227,563.5073,99,8,0
NA,3,0.1321,2,99,99,576.6248,499.7474,582.3078,NA,99,9
16,2,1.0924,1,0,1,555.7659,547.847,575.7987,10,4,0
16,2,-1.9117,9,10,10,358.5381,373.6658,415.1447,10,6,0
NA,NA,99,9,99,99,406.0747,392.5076,407.553,5,99,9
12,NA,0.4664,1,0,3,588.9609,593.3506,615.0939,10,2,0
16,2,-0.5887,2,4,6,446.3122,372.0834,390.2287,3,7,0
16,2,-0.4016,1,0,0,517.8566,511.0143,549.6825,8,1,0
12,4,1.6041,1,0,3,404.0037,405.6824,387.2266,8,5,0
14.5,2,0.4706,1,0,6,456.1049,415.8893,411.651,8,5,0
16,4,1.1183,1,5,5,354.3052,392.5144,422.4274,99,0,0
12,3,-0.1622,1,0,4,488.7743,447.4126,431.6974,7,6,0
16,3,0.4888,1,8,0,360.9057,366.2882,378.5189,7,8,0
16,NA,0.2607,1,0,6,487.8278,472.1588,507.1822,99,5,0
16,3,-0.3724,1,0,2,541.168,479.4953,588.2813,9,0,0
12,3,0.4946,1,0,4,527.4674,458.502,459.81,6,6,0
12,NA,1.5936,1,0,8,534.2428,439.885,539.4002,9,10,0
12,4,-0.102,1,0,1,443.3288,319.4956,367.6884,6,1,0
16,NA,-0.7017,1,0,3,679.1272,547.9846,620.8949,9,5,0
16,7,2.2578,1,10,10,521.5245,549.0967,574.3565,8,10,0
12,6,0.5211,1,0,0,465.0947,412.5759,484.5014,9,10,0
16,3,0.8006,1,4,9,443.9117,458.9767,453.2484,9,4,0
16,NA,1.7867,1,0,1,489.9091,445.1091,468.2899,8,3,0
16,4,3.7685,2,2,10,398.686,335.8111,352.4673,9,2,0
16,4,1.2777,1,0,2,596.5129,540.1811,633.3496,99,10,0
14.5,NA,0.5201,2,0,10,705.7052,573.858,676.8782,8,8,0
16,6,0.4389,1,2,5,478.7824,465.6303,526.9336,9,3,0
12,4,-0.3436,1,3,5,528.4201,547.302,573.7717,10,0,0
12,6,0.7159,1,6,6,489.2715,434.8806,549.052,99,4,0
12,1,0.715,1,0,2,408.3139,402.2317,380.4402,10,5,0
9,4,-0.0676,1,4,10,490.1244,436.463,471.7086,9,4,1
9,2,0.7641,2,0,2,402.3203,396.1586,407.421,10,2,0
12,NA,0.4668,1,0,4,547.1316,410.4245,491.6279,8,4,0
12,2,1.7593,1,0,0,456.8226,379.447,405.7837,9,4,0
12,NA,0.9968,1,99,99,511.2633,429.4532,471.8923,9,99,9
16,7,1.5532,1,2,10,595.0605,505.6865,561.5139,9,1,1
12,NA,-1.2765,1,5,4,548.9469,392.5712,452.4276,99,2,0
12,NA,-0.102,1,0,4,637.9802,524.239,593.6078,5,6,0
12,2,0.5166,1,0,0,436.2287,393.4357,442.6593,10,6,0
12,6,-0.3295,2,0,5,466.5894,410.7625,458.2863,7,6,0
16,4,-0.5558,1,0,4,506.3839,486.903,567.2649,99,1,0
16,NA,0.7159,1,4,0,363.922,395.5131,357.2108,9,6,0
16,6,0.9159,1,0,0,644.5137,537.9067,645.3203,9,10,0
16,NA,-0.3588,1,0,5,509.7879,521.2382,535.733,8,5,1
16,2,-0.3003,1,2,0,470.853,416.4891,446.0283,8,6,0
16,4,0.1724,1,0,4,577.0212,543.0267,597.9196,10,8,1
12,2,0.1664,1,0,6,355.0829,296.8656,337.27,3,2,0
16,NA,1.4904,1,0,0,690.5783,721.4695,726.3501,6,4,0
12,4,-0.0073,2,0,5,602.8459,506.3721,590.6839,9,0,0
NA,2,0.6235,2,99,99,382.5841,382.0296,404.4835,8,99,9
12,2,-0.342,1,0,0,357.7489,321.4908,320.7743,7,4,0
16,4,0.4664,1,0,5,634.135,565.6758,633.4042,7,5,0
NA,NA,99,9,99,99,438.7689,428.8985,432.1079,9,99,9
9,3,0.8777,3,0,0,391.4506,346.5464,387.2961,9,2,0
16,4,0.0229,1,10,0,385.2112,444.571,419.4304,8,4,0
16,4,0.2893,1,0,2,558.2266,555.167,574.6122,7,6,0
16,2,0.6855,1,0,2,371.8053,396.0021,376.4335,7,7,0
6,1,0.5092,2,0,10,424.2388,434.6891,438.3416,6,0,0
16,NA,0.5326,1,2,0,633.2441,567.8969,663.3366,8,2,0
16,6,1.1346,1,0,2,670.9904,624.5499,674.2723,8,4,0
16,NA,-1.2016,1,0,3,531.1864,487.2081,548.5976,9,5,0
16,1,1.3033,1,0,0,588.5421,513.0217,554.0674,10,5,0
16,NA,0.3924,1,0,10,604.0757,637.2051,686.929,8,1,0
16,7,0.1588,1,2,9,541.9232,497.0147,526.0991,6,4,0
14.5,3,0.676,2,8,10,495.7541,381.3848,426.7837,10,10,0
9,3,-1.1558,1,0,0,389.9454,344.8921,360.8475,5,2,0
16,2,0.1403,1,0,5,662.0744,578.3957,614.0815,7,4,0
12,NA,-0.2735,1,0,3,519.8156,439.3063,470.5756,8,2,0
16,2,-0.3679,1,99,99,379.508,380.3704,406.7052,9,99,9
16,6,0.7641,2,0,0,513.9736,458.6424,521.9048,NA,7,1
16,4,-0.8787,2,0,10,398.8243,368.4988,310.3568,99,2,0
16,3,-0.5168,1,0,10,395.369,387.3102,440.5054,99,10,0
16,2,-1.3015,1,1,0,527.5936,480.7175,584.3232,9,0,0
16,4,0.5869,1,0,3,565.6561,494.9433,558.1949,8,4,0
16,2,1.4754,1,0,2,482.4095,372.6069,424.3668,99,4,0
16,4,-0.6,1,0,2,573.3446,424.6571,507.1303,7,2,0
12,4,0.7641,1,0,4,592.2032,495.832,573.2219,99,8,0
12,6,0.2181,1,0,6,548.7974,538.8586,581.6351,99,0,0
16,1,-2.025,1,4,3,514.2265,462.4952,509.771,10,2,0
16,3,0.5224,1,6,2,385.2587,370.301,380.6595,99,0,0
9,4,-0.0574,2,0,5,545.7418,437.9884,551.3804,9,2,0
16,3,-0.4715,1,2,10,469.7606,404.1915,467.7485,9,4,0
12,2,-0.7715,1,0,0,623.3519,510.2027,590.6925,10,5,0
3,1,-0.1289,9,0,0,499.5755,475.7131,554.5093,8,1,0
9,3,-0.9259,1,0,10,398.9082,395.5166,447.1576,7,0,0
16,3,0.0664,9,0,2,488.6547,455.4649,539.5905,8,0,0
16,6,0.2607,1,0,0,445.0135,403.1683,410.177,8,6,0
16,2,0.9247,9,0,0,515.0832,429.9184,431.6121,8,2,0
16,3,0.9699,2,99,99,466.0888,437.9022,470.433,10,99,9
16,4,0.2607,1,2,0,642.2232,479.0205,572.7879,7,5,0
16,4,0.5224,1,2,1,491.7551,518.1215,547.255,99,3,0
16,7,2.1298,1,2,7,453.8617,405.8832,390.0773,7,5,0
16,2,0.6731,1,0,1,447.6519,365.8352,408.6179,7,6,0
12,2,1.5363,2,0,3,382.6579,356.7042,374.8127,8,9,0
16,4,-0.4144,1,4,10,410.4481,401.4501,461.9369,8,4,0
16,4,0.2181,1,4,0,572.4194,512.7244,586.0513,9,6,0
12,2,0.183,9,0,8,553.0923,485.7655,471.5351,7,6,0
16,4,1.9113,1,2,0,392.6559,400.6518,422.5019,99,4,0
12,4,-1.5361,1,0,10,460.1473,451.3012,493.7187,7,0,1
6,NA,-0.9103,2,0,10,563.4239,543.8582,542.5035,8,10,0
12,NA,-1.9153,2,3,7,362.1186,345.355,423.2026,7,5,1
16,3,0.2028,1,0,6,600.6434,554.0549,621.7894,8,4,0
16,NA,0.5598,1,5,4,407.083,415.7714,409.1406,9,6,0
9,4,-1.1681,3,0,5,362.8892,327.7445,368.5965,10,5,0
9,2,-0.651,2,0,10,467.997,505.3646,487.566,99,0,0
16,4,0.3909,1,0,2,641.8771,629.4189,619.5587,8,4,0
16,NA,-0.9984,1,0,6,661.3968,548.9185,571.2487,9,7,0
16,NA,-0.6259,1,0,5,611.7519,582.2372,598.3039,8,5,0
16,4,1.5532,1,0,6,622.9505,584.28,651.646,99,0,0
12,4,0.0291,9,99,99,534.9391,499.4111,542.7845,99,99,9
16,2,1.516,2,0,5,502.3129,518.8847,489.0736,5,5,0
16,NA,0.2473,1,0,5,588.3267,558.7043,618.1137,5,4,0
16,4,-1.4507,2,0,10,354.4143,360.2221,359.8697,99,10,0
6,1,0.214,1,10,0,472.0039,414.2847,450.9911,7,2,0
16,6,1.199,1,4,3,576.3434,471.1111,531.6038,9,7,0
14.5,4,-0.8091,2,0,9,363.1017,347.7261,300.9622,9,2,0
16,NA,1.354,2,0,10,446.6372,416.5565,524.2404,8,8,0
12,2,0.2473,1,0,2,594.4315,577.1837,604.5347,8,0,0
9,2,-0.2812,9,0,2,426.9756,432.7122,392.6337,9,3,0
16,1,-3.4197,9,1,1,448.5223,320.4948,348.0097,99,1,0
16,NA,-0.102,1,0,6,443.3035,399.5856,430.9348,8,1,0
16,4,-0.1303,1,0,0,519.0528,512.3992,606.5931,99,5,0
16,6,0.3535,1,2,5,354.1651,417.7946,384.3494,8,4,0
16,4,0.8742,2,0,10,460.222,425.0781,467.5476,7,10,0
6,4,-0.102,2,0,5,571.866,581.7895,659.9883,6,2,0
16,NA,0.5869,1,0,0,561.7693,599.8441,626.559,1,5,1
14.5,NA,-0.1496,9,99,99,580.4319,540.145,582.7616,8,99,9
12,4,-0.1289,2,1,4,470.2668,415.4982,440.938,10,10,0
16,4,1.6041,1,0,1,339.3172,487.3099,436.1315,1,2,0
16,NA,0.3791,1,0,6,446.2827,418.1274,500.1937,8,0,0
12,3,-0.2034,1,0,1,459.4292,338.4849,409.111,8,6,0
16,4,-0.4067,1,2,0,674.9214,575.5512,626.3765,8,4,0
12,4,-0.6,1,0,4,557.3746,507.0143,560.0625,8,8,0
16,3,-0.7399,1,0,8,298.9405,334.2218,335.4525,8,4,0
12,NA,1.5788,1,0,0,561.3075,460.7386,517.363,9,1,0
12,4,0.4668,1,3,5,599.8479,491.8269,440.8082,3,5,0
16,4,0.5598,1,3,2,361.6496,400.5566,409.0232,99,5,0
12,3,0.8356,1,2,2,531.4788,527.8273,571.1074,NA,3,0
16,1,1.5788,1,0,0,420.6007,403.5183,411.3293,10,5,0
12,1,-0.3003,2,0,0,547.0069,484.5945,493.1091,8,2,0
12,4,0.5838,1,1,7,534.2377,456.0443,526.6895,10,3,0
12,2,-0.3295,2,0,5,549.4401,471.8864,521.4069,8,10,0
16,NA,0.0276,1,10,9,491.9925,431.1665,497.3309,8,10,0
9,2,-0.0513,1,0,0,443.9853,403.2646,446.4685,5,6,0
12,1,-1.3427,3,5,7,316.9869,284.1211,309.864,7,10,9
16,2,-1.2143,1,99,99,373.5708,388.0848,360.9565,8,99,9
16,6,0.5349,1,0,2,478.5751,469.4879,520.0593,9,3,0
NA,NA,99,9,99,99,546.868,501.0839,547.874,8,99,9
16,6,0.2259,3,3,10,551.9868,470.8743,523.736,8,10,0
3,2,-0.5434,2,0,0,403.099,358.564,366.6758,7,1,0
12,2,-0.213,1,8,5,386.4983,415.4512,423.9551,4,5,0
12,4,0.4484,1,0,0,555.1544,564.7775,560.712,99,3,0
16,2,0.2289,1,0,0,436.3691,418.2682,462.1926,10,1,1
14.5,4,-0.3588,1,0,2,622.6992,534.7349,586.424,8,0,0
14.5,6,0.898,1,0,3,478.4258,399.4311,441.9444,9,2,0
NA,1,0.2835,1,0,0,453.0258,368.3058,388.4014,9,8,0
14.5,4,0.232,2,0,0,621.6146,567.0228,605.0113,7,10,0
16,4,1.3087,1,6,3,605.7861,549.0314,530.5579,9,9,0
14.5,4,0.3344,1,0,2,571.684,461.8456,538.8757,8,2,0
16,NA,0.2308,1,0,7,787.8546,722.4443,762.906,99,4,1
16,6,0.8245,3,2,0,536.6698,436.6654,592.3613,8,5,0
16,4,1.0285,1,0,4,555.6875,520.6299,565.0498,8,5,0
16,3,0.5166,1,4,0,451.2322,401.227,392.1169,7,0,0
16,7,0.183,1,0,10,449.2976,454.3942,512.9134,10,10,0
16,4,2.1053,1,0,9,439.1642,355.3085,415.1403,9,7,0
16,1,0.8787,1,0,4,461.6242,367.6735,418.7143,99,5,0
16,2,-0.0877,1,4,5,529.4996,519.5251,534.1644,9,10,0
16,NA,0.7159,1,0,7,707.1887,626.3113,668.4295,8,4,0
16,6,-0.7931,1,99,99,511.0947,471.3541,505.7355,99,99,9
16,3,0.2028,1,0,6,467.6956,371.3366,466.1551,99,8,0
14.5,2,0.417,1,2,4,449.0133,396.9285,533.4018,9,4,1
16,4,0.3371,1,0,2,566.217,555.1989,546.7953,8,2,0
16,4,0.2028,1,0,0,526.9993,467.0725,517.1439,7,4,0
16,4,1.8122,1,6,7,593.6708,451.3547,552.5404,99,6,0
12,3,1.5107,1,0,10,441.5435,429.506,474.6401,8,6,0
6,1,-1.2553,2,1,2,311.0857,299.6631,308.2397,6,0,0
9,2,0.2412,2,8,8,509.2343,418.128,406.6883,6,4,0
16,4,0.9579,1,4,0,531.8768,404.0394,446.2799,8,6,0
16,4,-0.1496,1,0,5,419.3904,356.3256,339.5159,4,5,0
14.5,NA,0.1637,1,2,5,553.8094,546.2802,570.1752,10,5,1
12,4,0.6565,1,0,6,465.6949,441.0393,445.3044,99,4,1
16,4,1.5936,1,3,0,573.7855,530.0555,589.5913,10,8,0
12,NA,1.4452,1,5,99,550.1328,510.4633,501.7627,6,99,0
16,6,0.3085,2,0,2,438.3839,428.1915,429.3415,9,0,0
9,3,-0.3003,1,10,10,298.3111,347.6063,417.7057,99,6,1
9,2,0.3924,2,0,6,424.9172,407.0126,456.7389,6,3,0
12,3,-0.4199,2,0,0,431.5171,327.6494,371.0807,8,5,1
NA,NA,1.253,9,99,99,272.0427,333.0176,357.1934,99,99,9
12,NA,1.4326,1,0,1,508.1873,506.6841,563.5671,99,4,0
16,NA,-0.7472,1,0,3,406.1892,421.8302,378.9949,8,5,0
16,2,2.0315,1,10,10,485.7841,383.8667,441.9578,8,8,0
16,3,-1.2696,2,0,10,483.2643,474.6022,539.0396,6,5,1
12,2,-0.3003,2,0,10,406.0978,380.7126,455.1845,10,8,0
16,2,0.801,1,7,9,412.5531,324.9121,398.6059,7,6,0
16,4,1.516,1,0,4,630.8079,655.7285,687.1215,2,2,0
16,4,0.2801,1,0,2,737.0834,632.4551,713.0963,7,4,0
12,2,-0.1725,1,0,1,335.7568,338.0607,379.8276,99,9,0
16,3,0.2028,1,2,4,684.898,579.0706,670.3521,9,4,0
12,2,-1.7401,2,0,7,606.8737,598.2359,645.8344,9,2,1
16,2,2.0474,1,6,10,362.0663,374.3048,418.7531,99,3,0
16,4,-1.266,1,3,1,520.1338,456.8312,489.7552,7,3,0
16,NA,-0.3295,1,0,10,671.8856,574.1081,666.6874,10,6,0
16,1,-0.8957,1,5,10,382.4821,350.7479,416.8662,5,0,0
NA,NA,99,9,99,99,377.4071,372.6562,385.4563,NA,99,9
14.5,4,-1.1474,1,0,0,699.8383,587.5899,631.646,99,5,0
14.5,2,-0.0136,1,0,9,468.0097,453.5546,456.2735,8,3,0
12,4,-0.3003,1,0,4,593.6887,519.0671,560.3514,8,7,0
NA,NA,99,9,99,99,491.1861,461.7991,492.5072,NA,99,9
16,4,1.3291,1,0,6,505.9209,493.7116,551.9444,9,0,0
16,1,-1.1824,1,3,4,537.7503,445.5442,530.0478,7,10,1
12,3,-0.5558,1,3,7,392.9442,359.8608,412.716,10,0,0
NA,1,-1.686,9,99,99,418.2589,467.2784,536.3705,99,99,9
9,2,-0.1083,2,8,0,510.1643,455.3136,492.4462,8,0,0
16,3,0.9868,1,0,1,516.9978,420.8832,472.5143,8,3,0
16,NA,0.6731,1,0,3,614.3048,467.1032,574.5922,8,8,0
16,3,-0.0574,1,0,3,487.5984,414.6724,486.8084,10,1,0
16,6,-0.3201,1,0,3,623.7049,546.2475,617.3634,8,6,0
NA,1,0.183,1,10,10,336.021,371.3589,361.5259,8,10,0
16,6,0.5081,1,99,99,581.9016,550.5445,584.2227,9,99,0
16,3,1.9919,1,0,0,603.3001,551.7432,627.6098,10,4,0
NA,NA,99,9,99,99,638.962,558.9435,589.8937,9,99,9
12,4,0.6709,1,1,5,592.0662,541.3271,568.5355,6,4,0
12,3,-0.4482,2,0,3,594.9124,457.5864,573.6699,7,7,0
12,2,-0.3003,2,0,10,513.5999,367.0331,444.6248,9,4,0
12,NA,0.7975,1,0,4,369.0071,337.5644,410.5055,8,7,0
9,4,-0.3135,2,0,2,489.4897,449.0567,471.5386,8,3,0
12,2,-0.6259,2,0,3,542.069,471.337,539.449,10,2,0
14.5,6,0.9688,1,4,0,506.3111,523.3189,516.803,9,3,0
9,3,-0.7631,2,0,10,399.9337,352.0948,382.8591,9,8,1
12,3,-0.3588,1,0,1,470.2573,474.296,501.0317,6,1,0
16,4,-0.6785,1,2,4,433.1861,433.361,433.603,2,0,0
14.5,4,-0.2535,1,0,2,680.4774,538.7684,619.7103,8,2,0
14.5,4,0.2992,9,0,6,698.561,537.0031,621.2221,7,7,0
12,3,0.5166,1,0,10,399.956,419.2166,405.3962,10,0,0
12,1,-1.1098,1,0,0,567.8688,540.6663,613.2289,10,0,0
16,4,0.232,2,0,2,601.5871,436.3116,521.7978,7,6,0
16,3,0.5224,1,4,4,603.3069,534.6428,558.3251,9,4,0
16,4,-0.6709,1,0,0,712.9974,648.6932,679.8103,7,3,0
16,2,1.3033,1,0,10,364.3722,300.031,345.5642,10,0,9
16,3,-0.5139,2,0,0,451.3412,624.9356,596.6043,9,2,0
12,4,-0.6,1,0,4,670.5782,574.7086,612.8222,7,8,0
14.5,2,-1.2369,1,0,3,471.8899,410.7775,496.2831,10,5,0
12,3,1.6904,1,2,5,379.3992,428.0367,424.7342,8,2,0
16,NA,0.4484,2,0,3,472.8447,417.9188,449.1811,99,3,0
16,2,0.2176,3,99,99,315.5192,372.4032,350.3873,9,99,9
12,NA,1.7253,1,2,3,620.7048,549.5439,649.7655,10,6,0
16,1,-1.0739,2,99,99,434.8047,420.8562,426.1765,8,99,9
16,7,0.5349,1,0,2,670.586,541.4507,609.5743,10,2,0
12,6,0.66,1,0,6,550.3883,465.6884,502.5266,99,3,0
16,1,-4.2609,1,10,10,296.3262,326.88,332.9623,8,7,0
12,4,1.3721,1,0,10,340.0657,425.4655,388.0651,8,10,0
16,3,-1.2979,2,0,3,437.8875,379.0008,408.3828,5,2,0
12,4,-0.6094,1,4,10,492.3757,423.962,466.2828,99,4,0
16,NA,-0.3926,1,99,99,471.0191,467.916,492.1922,5,99,0
12,2,0.7215,1,0,5,467.8617,356.0343,431.5402,7,0,0
9,4,1.3899,1,0,10,710.4742,557.0608,559.8648,7,8,0
16,NA,0.2259,2,0,5,687.2893,609.7602,743.09,8,5,0
16,NA,0.6792,1,0,2,501.5244,422.4875,507.0084,9,5,0
NA,NA,99,9,99,99,448.196,436.0615,472.9262,99,99,9
12,NA,-1.7926,1,10,10,374.7331,344.4544,374.8879,99,6,0
16,2,2.5036,1,0,2,442.31,394.548,405.2614,99,2,0
12,2,0.9444,1,0,0,493.3261,428.9034,434.7169,8,0,0
NA,NA,99,9,99,99,596.0861,561.2378,602.2961,10,99,9
9,4,2.6167,2,0,10,563.5037,473.3422,534.7639,10,7,0
16,4,0.8771,1,0,0,622.3552,528.7177,587.9498,9,2,0
16,4,1.1292,1,0,10,564.695,476.2674,569.3762,7,8,0
16,2,1.0229,9,0,5,455.3095,382.3275,415.0177,5,5,0
16,3,-0.2034,1,6,6,325.8777,323.0922,359.3405,10,6,1
12,3,0.4996,1,4,5,442.1418,429.2102,462.2918,9,0,0
12,4,-0.3295,3,0,0,454.214,511.1584,563.961,7,10,0
16,NA,0.4803,2,0,8,680.0794,697.737,723.3472,10,5,0
16,3,0.7698,2,0,6,630.4395,610.0224,605.741,7,5,0
14.5,6,0.4523,1,0,8,499.5095,455.7505,476.0784,99,4,0
9,2,-0.6259,2,0,8,475.0738,423.2239,469.2008,8,9,0
16,4,0.2473,2,0,1,508.8801,521.4856,491.983,7,6,0
16,1,-2.8741,9,2,1,225.0915,293.9172,330.1999,99,2,1
16,NA,0.4484,1,0,2,630.1911,572.1809,626.2681,7,5,0
12,3,-1.7233,1,0,10,532.2087,407.9881,457.7752,10,0,1
14.5,4,1.1605,1,0,3,604.0582,522.8144,600.998,9,5,0
12,4,-0.8263,1,0,2,377.2963,331.0366,373.381,1,4,0
3,3,0.0229,1,0,10,606.5228,508.8085,504.7928,6,1,1
16,2,-0.1383,1,0,2,441.5415,437.2782,469.9827,9,2,0
16,4,2.3526,1,0,3,614.4801,579.4611,619.3046,10,0,0
12,2,0.4484,1,0,0,547.1332,461.8284,524.1282,6,0,0
16,2,-0.843,2,0,0,607.9766,471.827,578.7972,8,6,0
16,6,0.8511,1,2,8,589.0853,543.3443,613.242,10,5,0
16,7,1.4786,1,0,0,572.892,570.4052,613.9664,9,8,0
16,4,1.1809,1,0,2,527.5827,523.3399,551.8492,10,7,0
16,2,-0.4073,1,0,3,540.5234,517.2871,502.9476,8,7,0
16,NA,0.5869,1,0,0,591.9713,639.1323,650.1062,8,3,0
16,NA,0.232,1,0,6,611.9356,579.5204,598.4906,8,10,0
16,7,1.6419,3,0,0,536.6885,549.5555,542.3384,8,10,0
16,NA,-0.9434,1,2,3,575.0979,482.7638,603.4829,99,10,0
16,NA,-0.0748,3,0,2,537.644,532.6243,520.6267,7,2,0
NA,NA,99,9,99,99,470.6693,439.8559,475.039,8,99,9
16,4,-1.1739,1,10,10,400.9506,390.8227,466.2003,99,10,1
14.5,4,-0.0208,1,2,6,638.386,541.1688,579.8213,8,1,0
14.5,NA,0.5253,1,0,0,570.9028,463.5329,533.8953,6,1,0
9,3,1.0351,2,0,3,464.5823,392.0831,453.1241,7,5,0
16,2,-0.5869,3,99,99,363.5187,343.861,338.9271,8,99,9
16,6,0.1891,1,0,1,582.1861,592.8745,566.7759,9,7,0
16,3,-0.6205,1,0,1,355.3855,416.5492,461.9729,7,0,0
9,2,-1.2462,9,0,10,358.9547,410.5709,392.0647,8,2,0
12,3,-0.7515,1,0,3,647.8376,604.6178,613.5053,10,2,0
12,2,0.9758,1,0,10,418.9702,385.9722,413.1355,8,8,0
12,4,-0.6,1,0,9,377.3766,355.9639,365.1732,8,6,0
16,3,-0.3003,1,0,2,504.0445,464.1542,512.0514,9,4,0
12,3,-0.1255,1,0,7,487.8847,426.0623,491.6635,99,3,0
16,6,0.8511,1,0,2,616.9506,565.0525,621.6701,99,5,0
12,2,-0.1083,1,10,10,319.6387,300.2252,336.5647,99,6,0
16,6,0.6973,1,0,0,684.5244,686.7912,737.8182,9,5,0
12,2,-0.0851,1,0,5,483.4321,416.0181,480.9688,99,1,0
12,2,0.2412,1,0,8,368.9049,415.593,480.3608,9,3,0
16,NA,1.3168,1,0,0,556.3952,536.9203,538.1239,9,4,0
16,2,1.2602,1,99,99,350.5053,350.0242,371.4912,6,99,0
16,2,0.3311,1,0,5,494.5442,350.2365,461.5636,8,3,1
12,3,-1.4964,9,99,99,455.1441,440.9699,465.1888,8,99,9
12,4,0.7641,1,0,10,565.1626,428.1886,535.773,9,6,0
12,6,0.8724,2,0,4,635.2184,600.0567,627.6104,9,5,0
16,NA,-0.1765,1,5,2,572.6653,451.1374,491.1182,8,4,0
16,1,0.0069,1,0,5,379.4896,346.2997,369.9323,6,10,0
16,3,0.4484,1,0,0,363.9932,335.0733,351.184,5,2,1
12,3,-0.3003,1,0,2,514.9852,471.3708,495.228,8,2,0
12,4,-0.4779,1,0,10,568.3699,503.2159,546.2484,99,2,0
16,NA,0.8511,1,0,0,675.4127,695.9325,695.1669,7,3,0
NA,2,-0.4423,1,0,6,483.3058,430.0732,441.4935,8,0,0
16,4,1.1551,1,0,10,400.6111,492.3493,489.0297,10,0,0
16,NA,0.5133,1,0,10,430.2647,403.8641,415.4938,8,2,0
12,4,1.7096,2,0,3,586.5848,531.5885,556.5266,99,4,0
12,7,0.4484,2,0,0,611.4294,452.4021,587.1932,9,6,0
16,6,0.0198,1,2,4,687.665,674.7409,677.8797,9,5,0
12,2,-0.651,1,0,5,411.5676,396.6449,411.6117,10,6,0
16,4,1.5363,2,0,3,645.3518,614.8377,661.4164,10,8,0
16,NA,1.9717,1,0,2,523.3346,473.3393,485.1647,9,5,0
12,6,-0.0073,2,0,7,646.9444,565.2788,650.6162,10,3,0
16,7,0.7159,1,0,5,605.7694,551.7776,616.8941,10,5,0
16,6,0.7956,1,0,1,664.8412,605.9625,705.2899,9,5,0
16,7,-1.686,1,0,0,623.9035,676.8877,716.8457,8,4,0
16,3,-0.0877,1,0,6,601.7468,555.1224,612.457,8,7,0
16,3,0.4259,2,0,10,474.2407,411.6541,477.4603,2,10,0
16,4,3.0882,1,0,4,637.8558,653.1887,611.0057,8,8,0
12,4,0.2804,1,9,1,383.2474,374.9795,410.1508,8,9,0
16,4,1.0462,1,0,10,574.4537,500.3264,548.4676,9,10,0
16,3,-0.4301,1,0,8,546.1709,517.608,547.8897,10,0,0
16,3,1.0285,1,0,0,615.7747,523.2145,631.6952,7,2,0
16,2,1.5612,1,0,10,456.0917,343.5737,397.9499,99,2,0
16,3,0.2028,2,0,1,539.736,502.1034,519.8776,6,3,0
14.5,3,0.8542,1,5,3,524.0516,426.9246,525.5518,9,2,0
16,3,-0.0542,1,0,0,415.7457,402.8364,446.4638,8,0,0
12,3,0.232,2,0,10,566.9548,563.1834,605.4426,10,10,0
12,2,-1.8303,1,3,5,537.0465,470.3958,467.3341,7,0,0
16,3,0.8086,1,8,10,444.6531,395.2693,328.6588,8,5,0
12,3,-0.0861,1,0,2,449.821,407.4778,464.1642,8,2,0
16,4,1.6393,1,4,0,467.8226,465.3932,474.8806,10,5,0
16,7,0.5291,1,0,0,594.2597,543.9575,553.2267,9,3,0
16,1,-0.3301,1,10,0,385.6796,334.7428,306.1856,8,0,0
12,3,-0.0877,1,0,8,363.5119,343.2396,367.2677,5,0,1
12,3,-0.0574,1,0,5,523.8275,477.4647,509.1817,7,6,0
16,4,-0.9438,1,0,10,472.109,400.1716,450.3103,7,1,0
12,4,0.1891,1,0,5,569.7004,482.6497,501.1266,7,7,1
16,4,-0.3003,2,1,6,495.6544,376.0314,481.4216,99,7,0
16,6,1.4637,1,0,5,541.2178,528.2463,602.7004,8,6,0
12,2,0.5166,2,2,1,520.3693,542.2214,526.2162,8,3,0
16,4,-0.0882,3,0,0,520.6256,392.9024,466.3156,NA,2,0
6,2,-0.3707,2,4,6,446.9626,433.171,458.4125,8,3,9
12,2,-1.8303,1,0,5,544.0418,518.3185,554.4776,10,0,0
16,6,0.3507,1,0,0,484.9619,434.6142,470.296,7,8,0
16,NA,0.7159,1,0,4,590.97,576.15,638.8428,7,3,1
3,2,-1.1496,3,2,5,434.0963,491.7279,456.8291,8,2,0
12,2,-1.2488,2,0,0,545.2962,502.9372,559.6305,8,2,0
12,4,-0.7283,1,99,99,462.9651,438.7534,428.6899,9,99,9
14.5,4,1.5936,1,0,6,400.8253,349.3582,401.3862,5,2,0
16,6,1.7227,1,0,0,546.6531,562.8948,533.6518,7,10,0
12,NA,-1.9271,9,99,99,398.6784,403.5675,392.1429,7,99,9
9,4,-0.8488,2,0,6,475.551,437.7867,452.0895,8,7,0
12,4,0.6268,1,0,5,467.6549,458.2631,467.1442,99,0,0
NA,1,0.2064,9,99,99,326.6531,327.132,334.4364,1,99,9
16,1,0.1891,1,0,0,643.1472,577.4071,622.5433,99,3,0
12,NA,0.5869,1,4,7,568.8967,547.2475,588.7242,8,3,0
16,6,1.6274,1,0,0,453.1341,500.2387,520.766,7,2,0
16,6,0.2413,1,0,0,742.8608,713.5997,734.5993,10,6,0
12,4,-0.3527,1,0,6,493.3416,341.7181,400.399,10,3,0
NA,NA,99,9,99,99,428.9433,423.926,447.7983,99,99,9
12,NA,-1.0499,9,3,3,325.7503,355.4698,352.803,7,3,0
12,2,-0.5512,1,0,0,406.1224,362.4622,334.079,10,3,0
16,4,0.7534,1,99,99,392.6396,375.3437,363.8704,3,99,9
12,NA,-1.1031,1,0,8,646.0565,586.5315,609.2231,9,0,0
16,7,-0.843,1,0,9,587.1865,509.047,549.1543,99,5,0
12,1,-1.2659,1,99,99,331.3106,329.6882,333.5002,6,99,9
16,4,0.66,1,0,10,540.5525,494.0416,520.341,9,5,0
16,NA,1.4326,1,0,1,675.7715,563.9444,625.273,8,3,0
12,NA,0.3344,1,0,7,565.8274,543.1546,665.6568,9,3,0
16,NA,3.3249,1,4,4,373.1567,347.7781,391.0142,4,2,0
16,4,0.7187,1,1,4,591.8943,484.0003,523.1107,7,7,0
NA,NA,99,9,99,99,455.1457,416.7609,458.5348,8,99,9
12,1,-1.5287,1,0,3,441.3071,375.7889,476.3017,7,2,0
9,3,-0.263,1,0,2,366.6195,370.7478,402.5181,8,0,0
12,1,-0.9615,9,0,3,471.6096,440.0808,511.0881,10,2,0
12,NA,0.3568,1,6,10,471.5265,442.7002,519.5321,99,2,0
16,NA,0.8222,2,0,5,389.1353,348.5511,369.8434,9,10,0
16,6,0.232,1,0,10,649.953,545.3303,692.4332,8,3,0
12,4,-0.3003,1,3,2,609.5534,569.3336,633.4505,9,1,0
12,2,-0.3497,1,4,2,587.2405,440.2539,520.9411,8,1,0
9,3,0.7912,1,0,10,410.7378,488.0705,475.253,9,7,0
12,4,-0.0548,2,0,2,501.3901,410.1292,481.8575,9,6,0
16,4,-0.3588,1,0,0,557.1464,491.6134,585.047,7,10,0
12,2,-0.6,3,3,1,301.1281,343.2384,275.0661,6,6,0
14.5,4,-0.2067,1,0,10,389.9231,442.9404,413.5899,9,6,0
16,2,0.5224,1,4,9,493.3974,429.2775,469.9204,99,9,0
12,1,-1.154,1,0,7,476.4584,446.7483,458.005,8,6,0
16,4,0.5349,2,0,0,708.8158,592.8122,677.1478,9,5,0
16,4,0.7374,2,0,1,592.5614,621.5857,584.3139,6,6,0
16,NA,-0.0548,1,0,0,505.6431,462.8177,474.3231,10,7,0
14.5,2,-0.2835,1,99,99,419.98,402.0387,397.8348,7,99,9
16,2,-0.6632,1,1,5,294.1039,317.2302,313.7729,99,4,0
16,4,0.6543,1,0,1,562.3505,590.3089,621.0503,9,5,0
12,NA,0.461,1,0,5,511.8269,410.7039,461.7823,8,5,0
16,2,0.1891,1,2,0,529.205,424.8847,497.5671,8,3,0
16,1,0.0326,1,99,99,379.3061,371.2334,367.0159,NA,99,9
16,3,-0.4073,1,0,0,383.6135,342.5449,301.2971,99,0,0
16,NA,1.7867,1,0,1,407.7155,400.8971,405.7015,7,6,0
14.5,4,1.1605,1,0,0,709.7395,548.0281,597.8768,8,6,0
16,4,-0.4245,1,3,0,556.6864,447.6384,478.4185,8,4,0
12,3,0.3344,1,0,0,442.4143,403.7973,438.1024,8,3,0
16,4,0.3311,2,0,0,525.0321,489.7941,526.8652,7,5,0
6,3,-0.7849,2,6,3,382.515,392.5807,398.1346,99,2,0
16,4,0.4042,1,0,0,582.7319,544.0359,591.7553,9,8,0
16,6,-0.3302,1,0,3,582.3005,466.2798,538.4376,8,6,0
16,4,0.5166,1,0,0,330.2278,348.2923,364.5998,10,0,0
6,2,0.4996,2,10,10,341.3672,387.8063,369.2208,8,0,0
12,4,-0.4483,2,2,10,470.9005,474.0813,462.8989,9,4,0
16,4,0.5443,1,0,4,467.757,402.4776,420.3415,8,5,0
16,3,-0.9012,1,0,8,611.699,527.7593,617.7326,10,6,0
12,2,0.2028,1,0,7,541.3072,434.5863,490.8917,7,8,0
16,2,1.5532,1,0,0,399.6935,482.3414,461.5239,8,0,0
14.5,NA,0.5669,1,0,1,606.0332,556.1003,565.2427,9,2,0
9,4,0.1891,2,0,4,591.5501,550.5162,536.3284,9,4,0
12,2,0.5567,1,1,4,390.2949,427.2165,479.031,7,1,0
12,3,-0.1496,2,0,10,405.5965,403.1532,427.5424,9,0,0
16,4,1.177,2,0,10,658.0121,530.5906,570.7913,99,5,0
16,4,0.8004,1,0,0,649.3313,602.7018,627.7414,99,10,0
16,2,0.6731,3,0,0,388.7584,355.4682,374.8444,8,3,0
16,4,1.7404,1,0,5,466.2844,456.0013,519.7737,8,7,0
16,NA,0.0198,1,0,0,671.4772,614.7059,680.3359,7,7,0
12,2,-1.1311,3,99,99,298.6494,309.1079,279.251,10,99,9
16,3,-0.3588,2,4,10,492.5743,430.8522,462.024,9,3,0
14.5,4,0.4909,1,99,99,434.7444,391.7742,407.8195,10,99,9
12,2,-0.7865,1,5,5,542.0316,433.4516,470.0641,10,4,0
NA,NA,99,9,99,99,451.2585,415.1956,431.492,99,99,9
16,7,1.9651,1,10,10,287.2051,402.4392,397.1625,8,5,1
14.5,2,0.1891,1,0,0,618.766,570.8983,616.0776,NA,2,0
12,2,-1.1988,1,0,10,422.7078,340.2576,446.744,99,10,0
9,2,-1.9765,2,5,0,347.4398,331.3888,348.2221,9,0,0
9,1,-0.3247,1,0,10,435.3313,429.0229,424.015,99,8,0
16,1,-0.6905,1,1,2,337.7152,310.0308,332.2047,9,0,0
16,2,-0.3295,2,2,6,373.7043,395.7142,378.1423,9,5,0
12,4,0.6731,1,0,0,373.18,299.8389,330.9596,9,0,0
9,4,-0.8245,2,0,5,579.2538,551.2269,609.5067,8,10,0
14.5,1,-0.0674,1,0,0,495.3956,410.1082,415.3117,10,5,0
12,4,-0.6912,1,99,99,357.3234,371.0981,378.0852,7,99,9
16,6,-0.132,1,0,0,647.1645,525.9654,548.1048,10,5,0
9,1,0.2861,1,7,7,274.7166,270.9461,265.3252,99,7,0
12,2,0.5384,1,8,4,584.0314,518.7268,531.488,99,6,0
12,NA,-1.686,1,0,0,494.521,537.9819,543.0603,5,0,0
16,1,0.4637,1,99,99,390.224,365.0837,385.93,99,99,9
16,2,-0.2372,1,0,0,391.5581,330.4726,385.7556,7,5,0
16,3,-0.6205,1,0,2,485.6553,456.3918,514.5445,7,2,0
NA,NA,99,9,99,99,457.4134,422.0576,421.9224,NA,99,9
NA,NA,99,9,99,99,549.6877,515.8545,554.0892,NA,99,9
12,3,-1.0068,1,0,10,402.6148,347.3326,307.3329,99,4,1
12,NA,2.1975,1,0,9,468.6575,434.4615,439.2778,8,4,0
14.5,3,0.687,1,0,0,561.3271,488.4844,542.6587,8,3,0
16,4,0.7641,1,0,3,646.3693,496.3479,584.4394,10,3,0
12,4,0.4946,1,0,5,601.1069,527.8877,602.7657,10,3,0
16,2,-2.1754,3,0,0,229.7405,247.7269,241.3129,10,4,0
16,3,0.7159,1,1,0,459.0424,496.3558,528.4494,9,6,0
16,3,0.232,1,0,0,579.611,547.9434,568.756,8,3,0
16,4,0.8873,1,2,5,585.1963,475.0956,563.006,7,4,0
12,3,0.4484,1,0,2,495.4998,415.1583,448.3179,10,1,1
12,4,-0.3003,1,0,5,605.3249,510.2451,612.9238,99,2,0
9,1,-1.0243,1,0,10,402.965,426.493,442.279,10,0,0
16,3,1.7918,1,3,0,608.263,529.3512,554.0909,7,7,0
16,4,1.9113,1,0,7,534.6222,505.2618,545.3687,9,10,0
12,4,1.465,1,0,3,537.3481,578.4952,588.6445,8,7,0
16,NA,0.743,1,3,0,677.2989,589.1611,668.4135,8,3,0
16,2,0.5567,2,10,10,382.198,327.3707,361.2149,8,10,0
16,6,0.6887,1,0,5,541.5103,580.2369,593.6152,8,2,0
12,3,-0.6785,1,0,7,575.8396,492.9431,574.2011,7,0,0
14.5,3,0.1428,1,10,10,472.5259,494.2173,468.3686,8,10,0
16,4,-0.102,1,2,2,501.4975,525.5389,531.289,8,3,0
16,2,-1.063,1,0,0,399.274,384.7507,376.9619,10,2,0
16,NA,-1.0058,1,99,99,459.4673,426.3329,437.4336,10,99,9
12,2,-0.0126,9,4,10,440.0846,383.6273,406.4271,9,0,1
12,2,-0.6495,9,99,99,260.4858,316.9739,303.8569,99,99,9
12,3,-0.3003,1,0,0,667.1412,526.3083,612.6229,7,1,0
16,NA,1.7132,1,0,2,671.4928,605.6638,726.883,9,2,0
16,3,-1.7465,1,0,6,385.7237,401.7071,482.6615,99,0,0
16,1,-0.6709,1,2,3,575.5474,592.4793,601.5773,10,4,0
12,3,0.0225,1,0,4,505.3599,453.9994,464.7537,8,0,0
12,6,0.3344,1,0,0,447.7903,460.8473,432.3147,8,8,0
16,4,-0.0611,1,0,4,523.8678,473.4174,507.7056,9,3,0
16,NA,1.5107,1,0,4,589.9969,604.5298,641.6743,8,6,0
16,6,-0.1177,1,3,0,661.551,613.0798,659.4174,8,7,0
16,3,1.648,1,99,99,499.4674,421.5402,453.8078,8,99,9
12,3,-0.6046,1,0,0,560.8807,505.5684,579.9912,9,3,0
16,7,0.232,1,0,1,575.1039,454.8407,548.391,7,6,0
16,NA,1.2831,2,10,10,468.5471,402.3166,515.6656,8,10,0
16,4,-0.6205,1,0,6,489.2114,500.8056,555.6888,9,1,0
14.5,3,0.2923,1,8,8,463.8968,359.6322,390.8522,7,7,0
12,2,0.2412,2,0,5,725.7732,526.3111,625.0142,8,5,0
12,2,-1.1288,3,99,99,436.0391,392.9544,407.2394,10,3,0
16,4,-0.843,1,0,4,500.8695,410.7342,513.7746,8,1,0
9,2,-0.2812,1,0,9,395.7774,392.3091,411.5588,10,6,0
16,2,2.5752,1,4,4,333.8448,343.1204,346.9342,7,5,0
NA,NA,99,9,99,99,537.2393,515.3904,535.9929,NA,99,9
12,1,-0.6298,1,10,0,262.2481,321.9148,344.9083,7,5,0
16,4,0.5598,2,0,0,722.6014,725.5619,712.679,9,5,0
16,4,0.0636,1,0,4,581.8467,474.6229,440.5473,8,3,0
12,2,0.5291,1,0,0,370.409,337.2353,366.921,99,5,0
16,3,0.2724,1,0,10,619.3527,529.7231,598.3889,10,6,0
16,3,-0.6094,1,3,0,633.9115,614.5988,632.6098,8,0,0
12,2,0.8486,1,6,4,382.9787,328.1259,331.6862,10,6,0
16,NA,-0.4673,1,4,4,603.416,480.3615,497.6105,7,8,0
12,NA,0.2989,1,0,4,580.2243,497.3805,524.0014,8,4,0
16,NA,1.465,1,2,8,472.2978,461.3859,509.8562,10,10,0
16,2,-0.8089,1,5,8,445.0585,410.0746,412.5163,9,4,0
16,3,0.3924,1,0,0,563.8915,539.907,587.4894,10,3,0
16,3,-0.0877,1,0,0,587.7539,492.2797,559.223,7,0,0
12,NA,1.3044,1,0,0,681.011,611.0673,613.6843,8,5,0
16,4,1.2039,1,0,2,618.2709,511.1573,606.3748,5,2,0
9,4,-0.6653,2,0,4,465.3054,402.3705,470.7166,8,6,0
16,2,-0.6753,1,0,0,577.3044,526.9631,575.015,10,3,0
16,1,0.1152,9,0,5,329.6725,331.8968,337.0472,9,0,0
12,3,-0.6458,1,0,2,477.0936,386.6675,470.1206,8,3,0
12,4,0.1197,2,1,9,474.1365,397.2579,382.6488,9,8,1
12,3,-0.6259,9,0,3,511.5707,471.6283,555.8208,7,3,0
12,2,1.3403,1,99,99,305.5619,294.1297,305.6685,9,2,0
9,NA,1.5895,2,0,0,427.1918,377.0516,394.4826,7,5,1
16,3,-0.1026,1,4,4,348.8522,382.3006,352.2669,8,4,1
NA,NA,99,9,99,99,516.6008,455.9584,480.6214,10,99,9
16,7,2.0849,1,0,3,645.3491,579.6988,568.1615,7,5,0
NA,4,-0.7605,3,3,5,107.962,260.2009,227.9072,99,5,0
14.5,3,-0.3588,2,0,10,426.9054,499.533,526.28,9,5,0
16,2,-0.6458,1,0,10,478.9727,410.4923,470.5262,7,10,0
12,4,0.3344,1,2,9,460.5938,474.3906,502.1793,9,10,0
16,6,3.1495,1,0,1,700.7257,632.5565,682.6349,10,5,0
14.5,3,0.1428,1,0,5,458.7359,423.3737,447.8303,8,2,0
12,NA,-0.696,1,99,99,347.079,371.7356,353.2899,1,99,9
12,2,-0.6259,2,0,10,439.5013,386.9986,441.4185,5,10,0
9,2,-1.568,1,0,0,327.219,356.333,344.1997,99,2,1
16,4,0.417,9,6,4,562.711,526.5943,526.7977,99,2,0
12,2,-1.2267,1,0,2,472.4534,459.7798,494.6613,8,1,0
9,3,-1.0843,1,0,2,476.445,455.2313,451.0475,10,4,0
16,4,0.6055,1,0,5,536.95,383.1362,491.9109,8,2,0
12,6,0.5869,1,0,0,554.135,443.289,439.9404,7,2,0
14.5,NA,0.736,1,99,99,421.8599,405.2916,426.6031,9,99,9
14.5,NA,0.4031,1,0,1,531.2176,494.4064,568.0076,9,3,0
16,NA,-0.0371,1,0,0,731.7744,628.3746,707.7373,7,10,0
16,1,-0.619,1,99,99,347.0842,334.4362,333.6215,99,99,0
12,3,-0.3295,1,3,2,496.5605,461.5821,521.7485,10,6,0
NA,NA,99,9,99,99,610.0965,585.6423,659.3934,9,99,9
16,4,-0.8091,1,0,7,584.8481,546.9974,628.8093,8,3,0
12,NA,0.1428,1,10,0,597.0945,493.5862,538.889,9,8,0
12,1,-1.6631,3,5,5,325.5828,361.2437,401.4144,8,10,0
16,4,0.822,2,0,6,446.5636,465.595,458.7104,99,10,0
16,2,-1.1555,1,0,4,555.3111,514.7978,548.3792,NA,3,0
16,6,0.5598,1,3,3,658.2311,624.5465,642.4389,8,9,0
16,4,3.0367,2,5,10,467.1383,466.3088,525.1203,9,10,0
16,2,2.2859,1,1,4,376.8498,325.6717,294.7606,99,4,1
9,1,-1.3707,2,99,99,281.3174,301.0735,317.8158,7,99,1
16,3,-0.0343,1,9,0,446.075,398.923,437.1071,7,3,0
16,3,1.5065,1,0,10,426.0329,375.1116,417.567,8,6,0
16,NA,-1.0503,1,0,6,619.8166,538.1635,576.9232,8,7,0
16,3,0.8356,1,0,3,688.2574,609.7115,615.1826,8,6,0
16,1,-0.0073,1,0,5,344.4464,334.3177,375.7661,8,3,0
12,4,-1.0634,1,1,4,424.1572,476.8304,463.9034,9,7,0
12,4,-2.0411,1,99,99,396.36,383.2371,378.0948,6,99,9
16,6,1.1605,1,0,2,701.9418,654.9661,664.4256,8,4,0
16,NA,0.8511,1,0,10,598.5539,622.3738,624.144,9,10,0
12,4,-0.3588,1,0,1,583.8162,474.784,517.5944,9,4,0
14.5,6,1.0517,1,0,7,507.5462,440.5875,558.3408,7,6,0
16,NA,0.8511,1,0,5,681.3639,670.099,711.2536,8,3,0
16,3,-0.3295,2,3,3,632.8463,516.8053,613.9184,6,7,0
3,3,-0.3839,2,3,6,543.063,477.4811,610.5851,9,3,0
16,4,0.5349,1,0,0,500.0916,446.3239,464.1206,9,3,0
12,3,-0.0073,1,0,3,531.1829,435.4834,540.9172,7,4,0
16,4,1.1605,1,0,1,465.2948,457.9885,483.8252,8,0,0
16,NA,0.9132,1,0,3,418.244,356.5312,389.1868,4,6,0
16,3,0.4389,1,1,6,507.2643,546.589,608.622,9,6,0
14.5,1,0.0463,1,9,6,443.631,377.3957,352.9813,9,4,0
6,3,-0.0073,2,0,0,583.0834,467.4394,554.7217,6,3,0
16,NA,0.743,2,0,0,549.8948,567.5857,593.1224,7,3,0
16,6,0.8511,1,0,0,638.7859,539.5604,593.4508,7,8,0
12,NA,0.4207,1,0,5,541.8237,528.5911,580.8932,9,4,0
12,2,-0.4896,1,0,6,520.2591,428.2444,517.2195,9,0,0
12,NA,-0.3003,1,0,10,467.2303,406.8878,457.1727,10,6,0
14.5,3,1.0491,1,0,1,534.9476,544.3401,567.7266,8,0,1
16,NA,1.1605,1,2,0,593.1306,564.2465,553.4407,9,5,0
12,4,3.1051,1,0,5,428.5009,407.8443,464.5373,99,5,0
16,NA,0.7688,1,3,1,507.7733,590.8945,601.7055,10,10,0
16,3,-1.4623,1,1,0,474.5306,425.7912,454.6016,10,6,0
12,2,-0.3295,9,0,2,529.8272,515.0195,565.5533,6,6,0
16,1,-0.6259,2,5,6,475.375,433.7862,511.751,10,0,0
12,4,-0.1303,1,6,5,476.3004,498.4231,542.1755,8,0,0
16,2,1.4997,1,3,7,512.6324,511.7484,586.991,10,0,0
9,3,1.0229,2,0,0,479.4736,400.0132,494.4188,8,4,0
16,6,0.8725,1,0,2,607.5586,589.7932,629.6503,10,5,0
16,4,0.7663,1,6,5,386.2667,345.7848,362.5147,10,1,1
16,3,-0.5829,2,0,0,489.4857,405.8916,476.8401,10,6,0
16,3,2.5036,1,0,10,363.0682,417.0407,475.2758,10,2,0
12,2,-0.9621,1,99,99,437.8681,404.019,441.6815,10,99,9
16,6,-0.3295,1,0,3,710.4888,709.3861,689.7435,5,5,0
16,4,-1e-04,1,0,2,550.7156,484.5989,583.4496,5,2,0
16,2,0.6453,1,0,10,583.9977,425.9555,590.7633,8,4,0
12,NA,-0.1765,1,0,4,436.1955,330.0874,386.4807,7,6,0
16,3,0.9758,1,0,10,558.5361,415.8326,554.3968,8,8,0
16,4,0.8006,1,0,7,576.6367,500.426,588.2027,7,5,0
9,3,1.2625,1,0,8,455.0517,346.5866,430.2758,6,8,1
16,4,0.5052,2,2,0,670.6415,633.5942,666.2466,9,5,0
NA,NA,99,9,99,99,562.6702,528.5955,543.2079,NA,99,9
12,4,0.2028,1,0,0,472.4064,395.5047,471.7683,8,2,0
9,2,0.5166,2,0,5,479.1076,446.1999,484.4031,10,3,0
16,6,0.3924,1,0,3,507.1476,558.9654,570.9669,10,6,0
6,2,-0.4259,3,0,7,519.7373,412.2615,445.1093,9,4,0
NA,3,0.8725,9,0,0,596.5681,602.8735,640.5997,99,3,0
16,4,1.3953,1,5,2,654.634,544.673,580.621,9,6,0
16,2,-0.3588,1,4,7,470.1438,419.0915,369.4872,7,0,0
14.5,2,1.8911,1,0,3,558.3088,439.0362,471.2324,8,4,0
9,2,-0.3155,1,3,4,486.3832,540.3313,528.2551,99,2,0
12,2,-0.6,2,0,9,459.7441,387.4553,410.4786,7,4,0
12,4,-0.004,1,0,0,509.7982,545.3901,582.4983,6,0,1
12,4,1.0229,9,99,99,555.9446,524.24,550.0134,8,99,9
12,4,-1.761,1,10,10,249.9253,314.4205,306.4454,10,0,1
14.5,6,0.6324,1,0,7,667.4479,588.0708,635.3144,9,6,0
14.5,3,-0.4762,1,0,7,564.1603,481.3709,533.5137,8,10,0
16,NA,0.0935,1,0,6,615.9425,519.6799,591.7363,99,9,0
6,1,-1.5976,2,0,3,442.738,410.3116,433.0334,8,0,0
16,NA,1.1551,1,6,6,465.7349,399.7327,460.6937,5,0,0
9,NA,1.4326,2,0,4,534.6093,476.9075,498.1919,9,5,0
12,4,-0.0278,1,0,10,503.4727,493.5361,557.2212,9,3,0
16,4,0.781,1,3,10,532.8211,483.491,506.846,10,4,0
16,7,0.232,2,3,5,633.3517,605.047,580.7062,7,7,0
12,2,0.6116,1,2,4,422.4866,400.3811,428.6232,8,4,0
16,4,0.4042,1,0,5,433.5592,401.1787,440.6454,7,4,0
6,3,-0.2571,2,6,9,491.9808,440.9426,473.7871,10,10,0
6,3,-1.0009,1,0,10,464.0971,371.2822,449.5584,10,10,1
12,3,2.7595,3,0,1,490.4833,406.2267,461.8576,6,9,0
12,2,0.0655,1,0,5,407.1961,402.2503,419.4356,99,4,0
16,6,1.4126,1,0,1,607.3201,516.827,539.3861,8,6,0
16,2,0.8086,9,10,10,401.1031,349.729,368.7554,99,8,0
6,3,-0.8205,2,0,10,561.4277,463.727,526.4221,8,10,0
16,NA,-0.0826,1,0,1,584.2401,569.4695,642.9369,8,3,0
12,2,-0.6,2,5,0,449.7002,443.6889,436.4517,9,0,0
6,NA,0.6703,2,0,1,347.5395,370.7799,446.4702,7,5,0
16,2,-0.1632,1,0,4,477.5561,466.8837,453.3766,8,4,0
12,4,-0.8965,1,2,10,570.7804,513.2501,615.7407,8,7,0
16,4,0.7159,1,3,5,416.8231,409.4705,447.1234,NA,3,0
9,1,-1.7695,3,10,10,413.7731,400.647,397.9815,99,10,0
14.5,NA,0.8486,1,2,6,538.1559,510.5736,582.7545,9,7,0
16,2,2.2304,1,99,99,349.7943,300.4148,318.5736,10,99,9
16,NA,1.0285,1,0,1,591.8493,653.1507,588.0127,9,6,0
12,2,-0.9313,1,0,10,460.2872,396.2828,456.1293,99,8,0
12,6,1.7078,1,5,5,559.2192,468.2013,525.9059,8,8,0
16,2,-0.1622,1,0,0,341.6892,310.8436,337.8239,8,2,0
NA,3,-1.0442,2,5,0,488.8457,457.0911,562.1576,9,4,0
16,4,1.1551,3,2,7,528.0676,536.0712,536.3121,8,8,0
16,4,1.7387,1,0,1,641.0281,594.3723,605.1358,10,5,0
16,2,-0.1622,1,5,5,547.3603,511.4936,588.4778,10,0,0
NA,NA,99,9,99,99,332.4487,330.6117,327.7393,7,99,9
12,NA,0.7272,1,0,0,529.9425,490.0746,540.7796,99,7,0
16,3,2.214,1,99,99,289.0138,306.8801,293.8259,10,99,9
16,4,-0.1177,2,0,0,690.1755,706.0088,707.1598,6,10,0
16,NA,1.4126,1,1,5,485.5556,447.7025,488.3121,7,2,0
16,4,0.2578,1,0,2,625.3782,564.1191,628.954,9,5,0
16,4,-0.3295,1,0,1,716.378,676.4772,786.4721,10,10,0
12,3,1.3033,2,0,3,484.5898,480.7423,471.1544,5,2,0
12,7,-0.0974,1,0,10,402.5075,364.3299,395.1717,5,0,0
NA,NA,99,9,99,99,498.2329,505.54,513.8807,9,99,9
16,2,1.4718,9,99,99,243.8433,267.289,235.3245,7,99,9
16,4,-0.3295,1,0,8,469.2012,435.6956,426.2245,5,10,0
16,3,-0.651,1,3,2,539.2605,506.9194,549.5717,7,3,0
16,NA,-1.1374,1,0,1,511.5995,492.6748,534.9351,8,3,0
3,2,-0.3588,2,0,8,537.6248,416.8281,486.5973,9,4,0
16,4,-0.0371,1,0,10,585.3609,471.7664,543.2441,8,4,0
16,4,1.0229,1,0,6,521.0378,504.4314,558.3682,99,2,0
16,3,2.222,1,3,3,590.2422,560.0472,580.7064,10,5,0
9,2,-1.2894,9,5,10,432.2029,399.3041,449.6399,9,9,0
16,4,0.6728,1,0,0,433.7626,394.7206,421.3704,9,4,0
16,2,-1.7588,2,99,99,316.7929,324.0062,305.1783,10,99,0
16,NA,1.7949,2,0,5,582.0783,504.3191,541.0179,9,5,0
12,4,0.1891,1,10,6,514.9238,478.6291,520.6924,8,6,0
12,1,-0.102,1,2,10,454.0006,415.3588,449.9355,7,0,0
16,NA,-0.3588,1,0,3,488.8439,492.8349,510.8971,7,5,0
16,NA,0.4668,1,0,0,673.4859,556.1163,633.0552,8,4,0
16,4,-0.3003,1,3,8,372.5052,342.4196,431.3553,9,10,0
16,2,1.3841,1,0,10,374.82,395.9575,438.069,8,3,1
12,6,0.3924,1,0,6,607.1516,564.8718,576.2416,9,10,0
16,3,0.4148,1,0,6,470.3209,441.5119,514.6175,NA,10,0
14.5,4,1.0979,1,1,3,576.2286,542.1175,623.8796,10,5,0
16,2,0.5349,3,0,0,655.3763,573.0866,621.9895,9,6,0
16,2,0.66,1,0,0,454.8928,366.2426,420.2581,7,2,0
16,3,-0.9177,1,99,99,468.9729,434.5871,474.7318,8,99,9
14.5,4,0.4003,1,99,99,398.1483,387.7942,388.1439,8,99,9
16,3,-0.3732,1,0,8,491.6713,456.0724,495.5404,8,1,0
12,2,-0.5168,1,0,0,642.5504,591.789,617.7539,8,3,0
12,2,0.8511,1,5,4,506.4336,411.0538,514.7105,8,4,0
16,4,0.7159,1,0,5,568.4804,506.4195,581.0852,8,1,0
12,3,0.1367,1,0,0,505.0986,492.6404,530.809,8,7,0
16,1,-0.8659,1,2,0,391.041,423.0379,435.1775,10,0,0
12,4,-0.3356,2,0,9,531.3431,559.3139,605.1119,99,0,0
16,4,0.7641,1,0,0,453.2411,372.8237,441.649,99,8,0
16,3,0.1396,1,5,5,308.0029,311.2224,323.7867,10,5,0
9,4,0.5598,2,1,2,607.2882,587.6872,611.3315,99,8,0
16,4,1.3345,1,0,0,433.3602,384.6645,414.4216,99,5,0
16,3,-0.5558,1,0,3,563.8479,517.8836,563.2378,8,2,0
16,3,0.1106,1,5,3,638.5076,559.9822,629.8914,9,5,0
16,NA,-0.1303,1,0,5,672.5853,542.8722,571.5255,7,5,0
14.5,6,-1.1381,1,0,4,567.8693,548.5485,564.38,10,7,0
16,NA,0.7534,1,99,99,476.0804,478.3625,495.6792,9,99,9
12,3,1.4747,1,10,10,297.6403,350.5248,343.9136,99,0,0
16,3,-1.5759,9,3,5,361.7352,376.6208,391.5466,7,0,0
NA,NA,99,9,99,99,493.7664,466.4277,474.9888,NA,99,9
16,4,-0.1928,1,99,99,423.1266,418.355,397.9415,8,99,9
12,NA,-0.1795,1,0,5,574.0796,549.7287,554.0388,8,5,0
12,4,1.465,1,1,1,646.5771,674.9661,643.2564,5,5,0
16,NA,0.3628,1,5,6,452.1327,471.2066,490.791,9,6,0
16,4,-0.2159,1,0,5,496.2227,516.3659,476.8645,8,6,0
12,2,-0.3732,1,0,6,370.4521,473.7681,437.8049,8,0,0
14.5,4,-0.3003,1,0,5,655.2549,597.3279,609.6554,8,2,0
16,4,0.4086,1,0,0,489.8742,401.3012,432.7633,8,4,0
16,2,-0.6,2,0,2,658.8329,531.583,585.4501,8,4,0
12,4,-1.9403,3,0,8,431.4968,381.3132,400.8489,10,6,0
3,2,-0.3295,2,0,0,435.4053,412.9342,395.8438,10,0,0
16,3,0.0291,1,99,99,394.6986,349.8068,376.0031,9,99,9
14.5,3,0.3139,1,0,2,584.7086,457.1787,572.5962,9,5,0
6,4,-0.2067,2,0,3,278.9101,381.5579,365.418,7,6,1
9,4,-0.5191,2,0,0,496.4006,413.9534,464.4688,5,5,0
16,1,-1.2931,1,10,10,265.736,325.7414,290.4642,10,10,1
16,2,-1.7101,9,99,99,322.5732,325.9854,343.2773,9,99,9
12,4,1.1605,1,9,9,395.1869,424.3349,452.4463,99,9,0
12,3,0.7932,1,10,10,428.3469,416.058,414.0269,99,2,0
16,NA,0.7079,2,0,2,681.8569,584.3935,631.9675,9,8,0
14.5,3,-0.9247,1,99,99,298.5144,312.8063,311.5048,8,99,9
16,4,0.7159,1,0,2,595.6077,588.1128,643.7952,9,3,0
16,4,-0.8957,1,5,0,507.2789,509.7249,520.2606,10,1,0
9,2,-1.9857,3,6,9,374.0009,321.0796,339.8548,8,2,0
16,3,1.0726,1,1,0,482.1991,465.9597,522.2834,7,3,0
6,2,-2.1714,2,6,4,514.7916,451.9098,508.0241,99,6,0
12,2,-0.651,1,0,6,625.0056,531.3447,566.3825,10,3,0
NA,NA,99,9,99,99,445.0693,456.2279,458.8983,10,99,9
12,4,-0.132,1,0,2,613.1743,580.1921,589.0383,99,7,0
16,4,0.8511,1,0,2,496.6169,471.8235,512.8326,8,2,0
16,3,-1.0787,1,0,3,462.4777,491.8639,508.731,9,6,0
16,NA,0.4617,1,2,2,610.1633,503.8755,550.1684,8,4,0
12,4,0.2079,1,5,10,519.4107,456.5609,535.612,8,4,1
12,6,-0.2753,1,10,6,516.6815,445.7009,454.0007,99,4,0
16,4,-1.2418,9,10,10,482.9678,341.0551,413.9442,8,2,0
14.5,3,-1.3239,1,0,10,477.4994,378.9134,499.2558,8,10,0
16,NA,0.3924,1,0,10,547.352,454.6675,492.9858,10,6,0
12,2,-2.2215,1,4,99,444.325,395.3215,382.4942,99,4,0
12,1,2.1531,1,2,10,391.5875,353.3246,369.8438,7,3,0
12,3,0.8486,2,6,0,391.7127,409.742,388.5959,4,8,0
9,3,-1.0739,2,10,3,391.9348,383.3308,395.3984,8,4,0
16,2,-0.3003,1,4,10,461.3612,487.5603,435.7914,7,7,0
12,2,0.2421,1,99,99,417.4772,404.6241,405.7608,10,99,9
14.5,6,0.683,1,99,99,462.3615,453.9344,480.132,99,99,9
12,4,1.0281,1,0,0,389.2683,343.2458,389.6259,10,5,0
16,4,2.4543,2,0,8,570.0614,542.543,557.0606,10,6,0
16,4,1.682,1,2,3,442.9116,444.7795,496.7843,10,2,0
16,4,5.1744,9,2,0,403.028,392.5849,335.6208,10,10,0
12,2,-1.6292,1,2,10,651.3752,555.9004,585.2651,99,6,0
12,2,-1.4457,9,2,0,361.7082,294.4406,271.3169,99,1,1
16,4,0.743,1,0,3,642.8354,553.7114,587.5449,7,8,0
16,3,-0.1177,3,0,0,541.6849,519.6533,604.4982,10,5,0
NA,NA,99,9,99,99,497.0373,479.2134,480.4185,NA,99,9
NA,NA,99,9,99,99,510.7762,492.6193,491.0109,8,99,9
16,NA,-0.8158,1,2,10,564.9187,557.4719,601.2765,8,10,0
12,2,-0.0877,1,10,9,538.1153,487.509,589.011,10,9,0
12,3,-1.1325,1,0,10,398.624,364.3397,444.3262,9,10,0
16,NA,-0.3724,1,1,6,643.9728,615.9604,645.3309,9,3,1
12,4,-0.4144,1,0,0,378.9013,395.7259,381.5789,7,2,0
12,4,0.5166,1,0,8,572.1558,426.734,455.7219,9,10,0
16,6,0.9606,2,0,0,507.8632,407.0546,451.1563,7,7,1
12,3,1.3441,2,0,0,569.7107,478.1867,528.4829,NA,7,0
16,4,-0.4552,1,0,10,469.7368,406.6039,438.3242,9,8,0
16,4,0.3371,1,0,4,499.9205,419.2927,499.8126,10,7,0
16,6,1.0285,1,0,0,596.4811,502.9218,561.3812,9,6,0
12,2,-0.5139,1,5,10,331.2981,264.7222,272.1667,9,0,1
16,3,1.1292,2,0,5,590.6732,537.5844,620.6823,10,2,0
NA,NA,99,9,99,99,627.594,525.9845,571.7237,7,99,9
16,1,-1.0116,9,0,10,338.0594,315.3073,336.7437,8,0,0
14.5,3,0.4042,1,4,3,504.4186,411.0811,450.2259,7,4,0
16,1,-0.7795,1,10,2,359.9641,297.8919,362.2351,7,4,1
6,2,-0.8198,2,6,10,473.9073,380.1049,398.7955,10,10,0
16,NA,-0.6,2,0,1,520.0736,454.0563,494.1972,7,5,0
12,4,1.5413,2,0,7,510.1808,529.2642,569.9587,9,5,0
16,7,1.0614,1,0,10,526.9262,562.0367,545.709,99,4,0
16,4,1.5616,1,0,3,479.4967,469.3917,479.8175,99,10,0
12,2,-0.3298,1,2,10,344.9008,339.5825,398.2657,7,0,0
16,NA,-0.2584,1,2,0,632.5217,650.2185,696.7994,4,1,0
14.5,4,1.137,1,0,3,447.4075,355.9843,405.174,6,5,0
16,NA,1.0726,1,0,4,563.561,505.1906,522.6346,7,10,0
16,4,-0.4896,3,0,0,556.2048,507.1604,548.2987,7,5,0
16,6,0.406,1,0,3,675.811,585.3044,629.9134,7,10,0
16,4,1.002,1,0,5,547.7741,537.7029,568.786,8,5,0
16,7,3.3852,1,5,5,580.2092,506.5986,546.6182,10,5,0
12,6,2.1285,1,99,99,521.4725,524.698,529.8646,9,99,9
3,2,-0.7865,2,2,1,538.5801,504.3932,543.4968,9,0,0
16,4,0.1891,1,3,0,566.7954,546.8841,527.356,8,3,0
12,2,-0.704,9,0,3,404.0762,346.3774,378.1443,99,5,0
16,3,0.0797,1,0,5,607.0291,571.2571,617.7114,7,4,0
12,1,-0.8929,1,0,8,468.1378,466.1155,512.5703,10,3,0
NA,NA,99,9,99,99,455.3408,456.5306,436.8974,10,99,9
12,3,-0.3003,1,0,0,574.8202,446.6072,538.3248,6,6,0
16,6,0.5501,1,0,0,709.3217,708.2177,721.8109,9,5,0
16,2,-0.3059,1,99,99,538.3353,480.1067,502.5447,8,99,9
16,3,-0.3003,1,5,0,461.1078,410.1868,464.0979,7,3,0
12,2,1.2071,2,0,10,455.9107,429.0444,459.6783,9,10,0
3,2,0.0666,2,0,0,424.1849,408.1588,428.7743,7,2,0
12,1,-1.6946,1,8,10,317.9576,357.5194,348.0895,99,4,0
16,3,-0.3926,1,10,7,274.7653,308.2833,347.2476,9,6,0
16,3,-0.0574,2,0,5,495.1533,421.9784,517.7662,9,5,0
16,6,0.0811,1,0,0,691.5405,646.3892,682.8245,9,5,0
12,4,0.2546,1,0,6,531.2462,551.2784,573.0184,99,4,0
16,NA,-0.1714,1,3,5,493.2538,465.2895,452.2502,7,1,0
14.5,4,0.3698,1,99,99,566.6355,521.619,569.4865,6,99,9
16,4,0.8511,2,0,5,713.3776,674.9986,690.4643,7,5,0
14.5,4,-0.8787,1,0,7,410.0743,411.5461,482.9523,9,3,0
16,6,-0.132,1,0,0,704.4145,652.0396,677.9826,9,5,0
12,1,-0.2768,2,0,10,446.4195,382.957,393.6191,10,6,0
16,3,1.6015,1,6,6,517.104,454.4503,500.9582,9,8,0
16,6,-0.3609,1,0,4,595.4645,468.2831,574.1889,7,5,0
16,2,0.7699,1,99,99,395.7445,325.9123,384.3622,8,99,9
12,4,-0.4877,9,0,5,507.2222,481.208,495.0512,8,2,0
16,2,-0.4482,1,0,10,475.6235,429.6863,441.3035,10,4,0
16,2,0.2473,1,0,10,454.9841,391.7965,457.154,9,4,0
12,2,0.1891,2,0,3,454.8606,389.4916,413.9305,8,3,0
12,4,0.8856,2,99,99,291.5,369.0079,344.6161,8,99,9
16,2,-0.1583,1,0,0,446.9799,411.9844,463.0379,99,0,0
12,NA,-1.6687,1,5,10,423.7282,456.7388,453.594,8,0,0
9,2,-1.6165,9,99,99,297.9395,335.7123,320.7581,10,99,9
16,3,0.6887,1,0,0,512.6193,514.1957,555.5914,9,6,0
12,2,-1.9528,1,0,5,521.3969,503.8972,562.6531,8,2,1
16,4,1.1605,1,0,0,657.6239,591.3564,638.6731,7,7,0
16,2,1.2503,1,0,0,584.7817,494.6975,564.5275,9,4,0
12,2,-1.3615,1,1,10,351.7584,374.6372,461.8094,10,1,0
16,4,-0.102,1,0,6,523.322,458.3703,536.5836,99,10,0
12,3,0.3311,2,0,5,492.4317,429.2917,517.4949,99,4,0
12,3,-0.3588,1,0,2,631.3193,539.247,561.0284,9,5,0
9,3,0.2412,1,0,10,445.1617,435.0851,432.7229,9,7,0
12,4,0.3139,1,3,5,258.8151,301.3224,334.151,99,3,0
16,3,-0.2812,1,0,0,664.571,546.0695,645.5967,8,6,0
16,6,0.232,1,0,7,587.3589,590.5871,627.5483,7,4,0
16,NA,-0.1984,1,1,10,540.8071,553.0924,603.3028,7,2,0
16,NA,0.66,1,0,3,649.4573,535.61,580.961,9,3,0
12,NA,1.3044,1,3,10,358.3679,387.7359,443.4375,7,1,0
16,6,0.5224,1,0,4,646.6515,580.1304,567.3362,9,7,0
6,2,0.3335,2,99,99,352.6654,351.1686,356.0364,8,99,9
16,4,-0.8091,1,0,5,698.9185,569.662,693.07,7,3,0
16,4,3.7408,1,0,5,540.0908,471.6295,516.0077,10,0,0
12,4,0.2412,2,0,0,586.6245,541.1646,612.534,9,5,0
16,3,0.6055,1,0,10,522.1317,568.9367,629.1189,9,5,0
16,2,0.5801,1,99,99,375.0265,356.0855,376.0786,8,99,9
14.5,3,0.0035,2,10,10,374.1201,363.6818,408.6886,99,10,1
16,4,-0.2508,1,0,10,584.0614,500.9564,571.9276,7,6,0
16,NA,0.232,2,1,0,609.3568,615.6634,624.34,6,6,0
16,2,-0.0826,1,0,7,365.748,367.5816,408.683,9,6,0
16,1,-5.0283,9,99,99,363.3171,402.9437,414.7734,99,99,9
16,7,0.957,1,3,3,674.7243,584.3313,679.4586,8,2,0
3,2,-0.6495,2,5,0,365.59,331.6745,283.7231,99,0,0
16,6,1.4174,1,4,3,543.196,461.2494,565.6471,7,10,0
14.5,4,-0.5593,1,5,2,518.8057,505.227,580.7577,4,0,0
16,2,-0.6259,1,4,6,263.1557,296.3045,321.7539,9,3,1
16,4,-0.2067,1,1,0,471.5974,456.9459,515.1648,6,1,0
16,3,0.3624,1,0,6,615.7069,580.1601,630.0262,8,8,0
16,2,-0.1559,1,0,0,591.3847,547.839,600.7808,8,5,0
16,4,0.4484,1,2,3,598.9911,526.0337,580.623,8,2,0
16,4,-0.8787,1,0,6,530.9598,553.8961,547.4909,6,2,0
12,1,-2.0693,1,5,3,329.0066,359.3719,399.8868,4,0,0
16,4,0.743,1,0,2,398.9893,411.179,473.593,9,3,1
16,4,1.9726,3,0,0,628.5064,565.0947,534.337,5,5,0
16,3,0.2089,1,0,0,534.4341,503.2286,550.0839,9,3,0
9,3,-0.0877,2,0,6,489.8277,389.7238,417.7298,7,5,0
16,3,0.232,1,3,5,344.4384,450.4384,436.2744,9,4,0
16,4,-0.8022,1,0,6,478.6838,467.5788,501.8177,8,2,0
16,4,0.7159,1,0,3,580.3627,529.2497,590.7934,99,4,0
16,2,-0.6205,1,0,2,481.8404,362.2686,418.6054,9,2,0
16,6,0.8068,2,0,4,750.0561,695.3371,705.4832,7,5,0
NA,NA,99,9,99,99,544.4995,498.1918,532.7346,NA,99,9
16,7,0.8511,1,0,6,693.8611,582.8418,641.2119,7,10,0
16,4,-0.843,1,0,4,627.5107,530.7869,634.1913,9,5,0
9,3,0.4484,2,0,8,504.2134,478.5258,548.9737,10,3,0
14.5,4,2.1231,1,0,10,545.8874,572.1027,586.8746,9,1,0
16,3,0.6829,1,99,99,503.8182,459.9292,505.6756,8,99,9
16,4,-0.4745,1,0,10,350.5252,400.5731,421.0845,8,10,1
16,4,0.7263,1,0,8,630.2978,554.1371,666.0631,9,8,0
12,4,0.8785,1,0,6,511.1077,416.7821,537.1735,9,4,0
16,2,0.214,2,10,10,422.821,390.374,398.8673,9,3,1
16,NA,-0.5168,3,0,5,607.1508,587.8291,589.1025,10,10,0
16,6,0.7159,1,0,3,470.11,445.3859,531.5607,8,10,1
12,1,-1.5489,1,0,10,418.6562,360.1292,338.6898,9,0,1
NA,NA,99,9,99,99,487.4809,419.6481,485.9701,7,99,9
16,2,1.4126,1,0,2,494.1671,440.6898,452.5009,10,6,0
16,3,-1.0792,1,8,9,430.5738,385.603,419.4392,9,5,0
16,4,-0.3003,1,0,4,491.7075,374.4331,411.9652,10,8,0
12,2,1.3465,1,9,9,320.1414,252.3753,239.4878,8,10,0
14.5,NA,0.8511,1,0,2,578.3937,517.4659,554.7308,10,4,0
16,4,-0.4745,1,3,0,535.1578,430.8429,514.9637,10,0,0
12,4,-0.1795,2,0,4,634.7406,600.8413,618.4928,6,5,0
12,NA,0.2124,3,0,5,648.5746,567.2464,591.3464,6,10,0
16,6,2.8019,1,6,10,333.7866,333.212,303.7065,99,0,0
16,3,0.8961,1,3,3,471.019,383.4502,454.6409,10,1,0
12,3,0.0459,1,0,2,601.4258,535.1174,582.2508,7,2,0
NA,NA,99,9,99,99,439.2066,388.2809,391.6449,10,99,9
16,NA,0.753,1,0,5,720.5925,622.1298,658.3661,6,2,0
16,4,-0.3527,1,0,0,560.0083,531.8759,542.1134,8,8,0
16,3,-0.4896,1,0,6,416.0654,437.968,418.5659,9,5,0
16,3,-0.3926,2,0,0,334.9312,382.8361,397.7006,10,0,0
16,6,1.682,1,99,99,488.4313,505.1071,486.6076,9,99,9
12,3,0.4664,1,0,1,470.1778,540.67,565.7926,8,0,0
14.5,4,1.4072,1,0,8,558.5304,456.2017,576.2715,99,8,1
16,2,0.2921,1,0,0,401.5233,390.4286,393.9956,8,7,0
12,2,-0.129,2,2,4,511.9497,423.1133,467.6071,6,3,0
16,2,0.5895,1,8,6,462.3354,473.2614,479.1567,99,5,0
16,1,0.1477,9,10,10,479.4017,434.1497,369.9326,10,0,1
12,1,-0.6977,1,99,99,409.5877,368.277,391.4335,7,99,9
16,4,-0.0073,1,0,4,639.3516,489.8258,553.6244,10,10,0
12,3,-0.843,1,10,0,436.9584,400.3581,438.4207,6,0,0
12,4,0.232,3,0,7,583.7269,571.8137,629.7176,9,4,0
12,1,-0.651,2,0,0,564.2654,428.3018,509.1544,7,4,0
16,NA,0.7159,2,1,2,727.0662,785.6532,747.217,9,5,0
16,3,-1.3885,9,99,99,551.7247,482.6166,587.3805,99,99,9
16,4,0.3535,1,0,10,562.926,520.6696,614.7699,9,10,0
16,6,0.7159,2,2,4,662.8105,611.2732,660.2021,6,2,0
16,4,2.0814,9,99,99,510.8044,467.1143,492.1349,9,99,0
12,3,2.0591,1,99,99,419.9102,417.2805,422.5088,8,99,9
16,3,1.6212,1,10,10,331.9354,339.2433,378.2563,8,5,0
12,3,-0.4688,1,0,0,650.8768,587.7052,668.05,8,2,0
14.5,2,0.0526,1,0,10,482.552,404.0299,428.7753,6,7,0
16,2,-0.3295,2,3,3,587.4124,564.3128,486.3435,99,4,0
3,4,-0.3003,2,0,3,490.2487,493.7277,489.4087,10,3,0
16,6,1.4876,1,2,0,572.825,552.7699,553.7913,9,5,0
6,2,0.5166,9,6,10,422.38,377.0505,372.7407,8,4,0
16,3,0.8398,2,99,99,413.743,382.7969,411.9307,8,99,9
NA,NA,99,9,99,99,630.6649,603.128,657.2184,9,99,9
16,3,-1.1413,1,0,0,492.4899,440.6708,523.4209,99,8,0
NA,NA,99,9,99,99,550.5873,515.5686,541.4666,8,99,9
16,2,1.2013,1,10,10,343.9838,360.0315,339.085,10,10,0
NA,NA,99,9,99,99,637.7298,576.4532,630.1291,NA,99,9
12,3,1.8125,1,4,4,370.42,368.1676,361.3249,7,2,0
12,3,-0.2067,1,10,10,433.058,447.3577,422.4015,8,0,0
16,7,0.8068,1,0,10,611.8502,579.9221,599.7852,9,6,0
16,4,1.0285,1,8,5,307.0519,304.2136,334.2085,10,2,0
16,2,1.1165,1,0,5,423.9127,327.9086,385.357,7,5,0
16,NA,0.6388,1,5,4,254.764,284.4948,329.3744,8,2,1
12,4,0.6543,1,0,10,586.8883,468.9281,561.4277,9,4,0
12,1,0.0463,2,6,6,434.4115,331.3687,342.5092,8,6,0
16,NA,0.1428,1,3,1,557.1084,502.1603,572.2487,8,5,0
9,2,-0.3588,1,3,5,328.6645,338.6382,357.9249,7,4,0
12,2,0.0608,1,0,10,367.8773,411.4256,440.7837,6,9,0
16,4,0.9789,3,4,9,479.2117,472.2524,459.1649,7,6,0
12,3,-0.0581,1,0,2,446.8909,401.9453,412.5135,10,3,1
16,6,1.1084,1,10,10,414.1099,343.4651,407.2093,8,3,0
16,NA,-0.3588,1,0,2,518.9188,511.7824,513.8258,7,4,0
16,6,1.438,1,2,0,630.8406,649.8769,666.6374,10,8,0
12,2,0.5869,1,0,0,566.813,441.7181,516.7402,10,1,0
12,4,-0.3295,1,5,4,639.9164,599.5662,592.0277,8,4,0
NA,NA,99,9,99,99,534.6729,500.0254,528.4061,NA,99,9
16,3,1.2517,1,0,0,559.4519,542.6853,631.3845,8,2,1
3,3,-1.0153,2,0,10,558.0186,525.9407,532.3401,10,10,0
16,3,0.6608,2,0,0,694.4119,660.4597,712.3165,9,1,0
16,2,-0.8521,1,0,0,450.7928,460.4377,407.0862,10,0,0
16,4,-1.4876,1,0,10,602.0965,522.2696,562.7913,7,8,0
16,NA,0.9483,1,0,8,503.2112,515.7368,511.1344,99,3,0
14.5,2,-0.2097,3,1,1,366.0331,338.0842,339.2591,1,0,0
14.5,2,-0.2768,1,0,6,569.6858,442.9529,504.1481,99,3,1
12,6,-0.5168,1,10,10,450.7496,475.6735,493.7714,99,0,0
16,1,0.5612,1,10,10,318.7712,343.3531,325.629,8,10,0
16,4,1.2602,2,1,5,597.5048,580.9006,592.1144,7,5,0
16,2,-1.2695,9,2,2,268.02,373.0317,325.2706,99,2,0
6,3,-0.0877,2,0,5,523.0701,500.3566,558.8414,8,1,0
16,NA,2.1133,3,1,10,665.8235,649.0853,681.3187,9,10,0
12,4,-0.9881,2,10,6,376.866,383.9833,380.1591,10,3,0
16,4,0.0935,1,2,1,638.3581,575.8237,637.1062,9,9,0
12,3,-1.5162,1,0,6,439.5438,381.3041,353.2204,10,0,1
16,3,0.5869,1,1,0,523.7062,526.2959,542.7194,8,8,0
16,4,-0.7014,1,0,1,447.076,396.8779,417.8661,99,2,1
12,2,-1.3055,1,0,0,231.2978,242.9324,246.7252,10,2,0
12,2,-0.6259,2,2,9,483.192,456.6402,417.0894,6,2,0
12,4,0.4803,1,2,6,439.6533,398.5932,442.1546,5,1,0
16,3,0.5349,1,0,4,586.3188,482.4361,573.205,8,8,0
16,3,0.6543,1,0,6,501.6718,495.6076,551.3138,99,6,0
16,NA,1.1813,3,4,3,405.9955,359.6604,369.634,99,3,0
12,2,-0.6785,1,5,5,426.4822,401.3747,415.7336,10,5,0
12,1,1.133,1,0,5,308.2937,275.5432,268.6039,1,0,0
16,4,0.4011,2,0,5,508.1168,421.8738,468.466,10,5,0
16,1,0.3311,1,5,0,339.9978,360.8193,357.4453,8,4,0
16,NA,0.5869,1,0,5,565.3776,527.1285,561.198,8,5,0
16,NA,0.7863,1,99,99,422.7384,397.312,420.7479,9,99,9
12,3,0.174,1,0,2,577.2634,534.8056,551.7431,99,7,0
16,6,1.5693,1,0,2,713.0878,615.5659,676.0837,7,10,0
9,2,-1.4034,2,0,0,375.1711,304.9654,387.8994,8,0,0
12,2,-0.6,3,4,1,261.0323,306.9933,332.4264,9,0,1
16,NA,-0.297,1,0,2,500.955,434.4399,470.7613,99,6,0
16,6,0.5895,1,0,2,698.9277,634.2426,676.7761,9,7,0
NA,NA,99,9,99,99,656.784,630.1974,657.4961,7,99,9
16,3,-0.7021,1,2,10,346.9071,380.4654,370.0984,5,9,0
NA,NA,99,9,99,99,508.9366,442.2414,489.736,7,99,9
12,4,0.9473,1,0,8,522.7873,498.011,492.6477,8,6,0
16,2,-0.696,1,0,4,588.8596,526.5862,599.4435,8,3,0
12,3,-1.7023,1,3,5,465.2241,520.8198,494.7699,9,3,0
16,2,0.3311,1,0,0,482.9699,520.9191,522.2959,10,0,0
16,6,2.0873,1,99,99,503.4341,472.3495,475.7048,8,99,9
9,3,-0.6618,1,0,1,621.3927,592.772,665.8549,9,4,1
16,2,-0.9655,1,5,8,497.6185,535.9154,535.1276,8,0,0
9,NA,-0.102,1,1,5,503.1525,423.7835,527.9118,99,3,0
16,6,0.1403,1,4,3,512.6453,540.2807,432.5467,8,9,0
12,4,1.0668,1,0,2,651.4074,504.4835,601.9743,10,2,0
16,2,0.5895,1,4,0,463.9312,421.4108,486.9501,6,0,0
NA,NA,99,9,99,99,535.4627,535.3253,553.1483,99,99,9
12,4,-1.0503,1,0,5,719.8146,572.1595,673.9636,9,8,0
12,1,0.7159,2,0,7,562.5379,485.1509,511.0644,7,3,0
16,1,-0.4013,1,2,0,371.2411,343.8761,340.6015,9,0,1
12,3,-0.3588,9,0,9,484.0505,471.4586,501.9338,8,2,0
12,3,0.1891,1,0,10,602.0033,589.4505,641.3792,7,0,0
12,4,1.682,1,0,3,453.3981,429.614,405.5947,10,10,0
16,4,0.9841,1,0,1,630.411,500.8817,580.2086,8,3,0
NA,NA,99,9,99,99,586.6208,523.933,572.0376,NA,99,9
12,4,-0.3404,1,99,99,463.1136,445.4126,497.7415,10,99,9
16,4,-0.3588,1,0,0,465.3419,489.1467,508.3858,8,2,0
6,3,-0.2768,2,2,0,411.5574,413.4064,402.233,8,9,0
9,2,-1.2231,2,0,6,568.8443,554.9354,537.8091,8,0,0
12,2,-0.1622,1,0,3,505.9554,494.0612,505.9686,10,0,0
16,NA,0.3344,1,0,7,619.0465,616.0024,693.7544,8,3,0
16,4,-0.3295,1,1,0,636.9845,590.1711,626.7634,9,5,0
NA,NA,99,9,99,99,482.4378,441.0528,479.7042,NA,99,9
12,3,-0.102,2,0,1,541.4917,457.5727,512.058,99,0,0
12,4,-0.363,2,0,1,568.6938,460.3785,472.7585,10,3,0
12,NA,0.7457,1,99,99,592.0309,566.6727,589.078,10,99,9
16,2,-0.0517,1,0,6,543.747,440.7259,479.8907,9,8,0
12,2,0.5349,1,0,0,361.9518,395.0452,361.3649,4,6,0
16,NA,0.1891,1,0,10,633.275,544.1619,597.9394,99,4,0
16,4,0.8486,2,0,0,483.7327,464.977,555.6539,10,6,0
16,2,0.7426,1,0,5,497.0129,446.3721,521.5975,8,1,0
12,1,-0.8201,9,5,7,362.7504,351.0347,359.1429,7,8,0
12,3,-1.9263,1,5,10,469.5242,414.229,404.7617,10,10,0
12,3,0.2546,2,0,6,579.1784,500.6018,488.1749,10,3,0
16,2,1.1719,1,6,6,447.8094,401.9909,387.5647,9,0,1
9,2,-0.9313,1,2,2,302.194,265.6222,233.1913,3,2,0
12,4,2.1913,3,0,10,460.0215,476.4448,496.8427,10,10,0
14.5,4,-0.0674,1,4,4,498.0924,467.8181,460.6191,7,9,1
3,2,-0.8787,2,0,1,467.5055,423.1725,486.2096,NA,1,0
16,4,0.2607,1,0,7,576.7303,500.2187,577.0323,NA,2,0
16,1,-1.3382,3,0,10,281.0311,352.394,406.695,7,4,0
16,4,-0.2569,1,0,3,420.4187,459.4894,469.0705,99,4,0
16,4,2.0755,2,0,0,427.7553,307.4719,360.8591,1,2,0
16,4,0.6088,3,99,99,503.8039,501.9393,495.3021,8,99,9
16,4,1.2831,1,0,8,537.9608,474.7007,549.7207,9,0,0
16,NA,1.0292,1,0,4,594.4752,596.1341,600.8304,10,1,0
9,1,-1.65,1,0,5,428.755,356.5049,399.4221,10,4,0
12,4,0.7698,1,0,3,616.4094,603.77,610.579,7,0,0
NA,NA,99,9,99,99,503.6707,474.9589,498.4952,NA,99,9
16,4,1.1343,1,5,0,305.2727,309.6234,330.0758,1,3,0
12,4,0.5212,1,0,8,667.0447,536.0871,550.8054,10,8,0
16,4,-0.3262,2,0,0,465.1216,402.7071,431.602,8,0,0
12,2,-0.6653,9,0,2,415.8228,374.3694,398.3812,10,6,0
9,2,-0.3497,2,0,0,475.4145,410.2749,374.1194,8,6,0
NA,NA,99,9,99,99,453.2567,422.286,454.5423,NA,99,9
6,2,-0.0574,2,0,10,523.9892,493.4636,552.9583,6,0,0
14.5,1,-1.8205,2,4,4,344.8121,291.5299,331.5766,9,2,1
16,4,-0.3295,2,3,7,684.3436,592.6518,621.2303,7,7,0
16,6,-0.0574,2,1,0,675.1087,594.9681,676.7761,10,10,0
12,3,0.1341,1,4,4,493.7984,394.6674,451.3314,8,0,0
12,4,-0.4689,1,0,4,633.6734,483.5959,604.8436,10,4,0
16,3,-0.3295,2,0,6,631.0554,573.7412,600.6367,9,6,0
NA,NA,99,9,99,99,517.3859,495.0193,515.3353,NA,99,9
16,4,-0.3926,1,0,2,406.2427,385.2846,430.4533,99,3,0
16,3,1.002,1,0,3,511.7677,519.9546,531.5114,8,3,0
16,3,-0.718,1,0,0,448.0094,406.4906,481.8733,99,2,0
16,3,0.5838,1,0,0,536.4809,444.4054,509.0237,8,10,0
16,4,-0.998,1,0,10,382.8614,387.0849,390.8219,10,10,0
9,4,-0.8798,2,1,3,450.3901,430.3768,491.5071,9,2,0
16,4,0.9758,1,6,2,457.3947,393.4797,456.8921,7,0,1
16,1,-0.3441,3,0,3,570.6351,441.6717,549.4269,9,5,0
12,1,-0.5879,1,0,6,442.3133,404.3504,446.8336,99,7,0
12,2,0.4668,2,0,10,323.4036,293.1686,298.2437,8,10,0
12,3,-1.1985,1,10,8,515.0886,482.5427,520.2035,9,7,1
NA,NA,99,9,99,99,499.8482,461.5026,527.3845,99,99,9
12,NA,-0.8383,1,0,5,727.5991,654.3292,670.044,10,7,0
16,3,0.2473,1,0,2,577.0118,416.6209,464.8246,8,5,0
16,7,1.4126,1,4,5,551.1265,482.8548,574.235,8,4,0
12,6,-0.9046,1,0,4,675.6593,575.5838,651.3085,99,3,1
16,2,-0.1496,1,4,9,437.982,373.1923,379.9916,10,0,0
3,2,0.4426,2,0,0,359.5456,381.2493,386.3725,8,4,0
9,2,-0.2812,1,4,10,335.8593,385.8527,360.4524,7,4,0
9,4,-1.2772,2,99,99,400.5994,390.0173,403.8391,99,99,0
14.5,4,0.3909,1,0,5,609.9297,493.1718,616.2895,8,5,0
16,3,0.3457,1,0,4,491.4191,448.231,483.8235,10,4,0
9,3,0.4343,2,1,10,475.6016,483.0897,567.2073,9,5,0
14.5,2,-0.1083,1,0,3,465.251,367.623,371.5993,10,7,0
12,4,-0.0073,1,0,6,537.2618,528.6684,542.3955,8,6,1
12,4,-0.0648,9,99,99,429.267,372.5035,369.5883,10,99,0
16,1,-0.2812,3,0,9,409.7779,407.581,476.2743,7,2,0
16,2,-0.4183,3,0,1,404.6919,378.8266,426.8403,8,7,0
16,4,0.1695,1,2,4,364.6307,469.7407,421.6929,5,5,0
16,4,-0.1067,1,8,4,629.9994,536.1247,552.088,8,5,0
16,3,-0.132,9,0,4,546.8258,461.7034,546.2754,7,6,0
9,1,0.0291,2,99,99,402.5584,386.0754,407.16,9,99,9
16,1,-0.6955,1,0,6,450.4218,421.2375,413.1869,10,0,0
16,4,-0.132,2,0,2,710.9476,613.1735,724.3696,99,5,0
16,NA,0.6887,1,0,0,308.4082,328.6332,360.778,10,8,0
6,2,-1.2949,2,0,10,432.3738,379.6638,453.5062,8,6,0
12,1,-0.0877,1,0,6,422.773,362.7092,419.0456,99,2,0
16,2,0.2255,1,8,0,439.1993,404.7512,458.9344,8,3,0
12,2,0.8205,2,0,3,431.7931,355.8103,436.1965,7,3,0
12,3,0.4426,3,0,10,384.9202,378.573,427.0124,9,6,0
16,4,-0.0103,1,3,6,721.1797,633.1983,677.4113,10,4,0
16,6,-0.1542,3,0,3,320.6411,372.607,369.9566,1,0,0
12,2,0.0054,1,0,1,606.0511,557.6357,583.7638,10,0,0
14.5,4,-0.1333,1,0,10,538.2222,585.6315,574.9983,9,0,0
16,2,-0.5567,1,0,8,465.6736,413.7202,439.8583,8,2,0
16,3,1.1577,1,0,10,408.4152,435.5889,495.7384,9,6,1
16,3,0.3311,1,0,10,577.0571,568.022,629.7747,8,4,0
16,2,0.2317,2,0,7,411.6131,396.1229,447.8502,99,5,0
16,4,0.3762,2,0,3,462.2007,448.1385,515.5413,9,7,0
14.5,1,-0.8091,1,0,3,476.3651,399.6551,452.9441,99,2,0
16,NA,1.4544,1,4,7,549.2674,512.5442,582.7452,8,6,0
16,7,0.5598,1,0,5,697.3843,653.2104,718.3676,7,3,0
16,2,0.5621,1,0,4,338.3152,344.6218,338.3025,99,3,0
16,3,1.9267,1,0,4,459.9926,472.1656,486.9585,99,6,0
16,6,0.4207,2,3,7,758.6025,692.9652,723.9802,10,6,0
16,4,-0.401,1,0,2,533.1966,469.9145,517.7189,9,3,0
16,NA,-0.2918,1,0,0,522.8355,463.6252,500.0693,9,2,0
16,3,-0.0877,9,99,99,504.8905,464.3338,518.5144,NA,99,9
9,2,0.1248,2,0,3,428.2756,424.5243,477.7024,9,3,1
16,3,0.3076,1,0,6,637.6536,557.7698,645.8762,10,0,0
12,3,-1.1658,2,0,7,594.7306,567.7157,631.0374,99,10,0
12,2,0.8333,1,0,0,471.2514,383.36,441.745,4,6,0
12,1,-1.5184,1,0,2,325.3647,270.1433,233.9854,7,1,0
16,2,-1.4105,1,0,0,351.5172,311.5038,279.9415,5,0,0
16,2,-0.4013,2,0,1,353.6097,406.8535,394.6555,9,0,0
9,2,-1.5416,2,10,4,334.8255,365.3693,360.8942,10,6,0
16,4,0.495,3,0,10,574.5557,585.4458,608.2123,10,10,0
12,2,0.8609,1,0,10,489.0665,369.0852,413.8272,10,6,0
12,4,2.4856,1,0,5,496.0716,348.5721,414.8954,7,6,0
16,4,-0.6,1,3,10,503.2259,446.713,468.5436,9,10,0
NA,NA,99,9,99,99,607.0219,547.786,592.5481,10,99,9
12,4,0.5764,1,0,4,361.5025,378.0147,393.0179,8,6,0
16,4,0.3507,1,0,3,534.0823,507.715,540.6103,99,5,0
12,2,-1.1847,2,99,99,419.9495,419.6847,408.2077,8,99,9
12,1,-0.3003,1,10,10,548.0214,500.8981,547.8173,10,9,1
12,2,-0.3828,1,1,4,338.7995,360.3012,448.575,10,6,1
16,4,0.4229,1,0,2,522.4237,499.5121,548.4595,9,6,0
12,NA,-0.0073,1,2,5,582.0192,570.2711,576.6474,8,4,0
NA,NA,99,9,99,99,389.656,367.3096,379.1191,6,99,9
16,3,1.4326,1,0,7,519.7116,501.1952,542.7415,5,9,0
12,3,-0.6259,1,0,2,409.3139,403.2762,359.4559,99,8,0
12,2,0.5349,1,0,1,538.6632,499.5697,541.2118,7,1,0
16,6,0.8276,1,1,3,511.6096,490.8491,511.9372,8,5,0
16,4,0.8998,1,0,4,616.5376,551.2958,606.533,7,2,0
12,4,1.2777,1,0,0,666.0302,578.3101,608.482,10,0,1
16,2,-0.2571,1,0,10,388.0735,331.6262,383.2515,8,4,0
16,2,-0.651,9,0,0,470.2769,409.7571,431.682,9,3,0
12,3,-0.822,1,99,99,407.4881,411.5795,436.4165,8,99,9
16,3,-1.3426,1,10,9,280.4927,415.5151,285.8063,8,2,0
16,2,0.3344,1,0,0,476.9961,438.5089,459.7937,7,10,0
6,3,-1.2696,2,0,2,443.7964,357.5652,441.7846,8,0,0
16,NA,0.6731,1,1,0,609.6356,524.9106,616.1695,8,7,0
12,3,0.1891,2,0,1,615.3956,510.7692,595.7295,99,0,0
12,1,-0.3588,1,3,5,538.9466,492.9938,489.1763,10,2,0
12,4,-1.8255,1,0,10,642.7593,611.0559,677.9164,10,2,0
16,2,0.6987,1,2,0,503.7992,483.2861,515.6696,10,7,0
12,4,0.5869,1,0,4,474.2473,457.6665,514.6881,8,4,0
NA,NA,99,9,99,99,381.8635,380.9264,401.2161,99,99,9
12,4,0.6731,1,3,5,529.4722,531.1795,616.8443,9,4,0
9,1,-1.2185,2,99,99,306.7352,386.6601,328.1422,7,99,9
16,1,-0.9348,2,99,99,369.7835,358.7579,323.8044,10,99,9
14.5,3,0.1371,1,0,7,395.06,343.1692,411.7106,7,0,0
12,4,0.7709,1,0,8,566.4659,571.2038,608.8179,9,9,0
16,NA,-0.0574,1,0,6,530.7443,491.9307,539.3519,9,6,0
16,6,0.2867,2,0,4,747.4564,715.6844,692.2122,8,6,0
12,3,0.0495,1,0,0,606.1435,542.7974,570.5174,7,10,0
9,3,-0.6055,2,3,0,398.7349,357.1729,354.5157,7,1,0
16,NA,-0.6878,2,0,4,541.5672,586.9069,568.7072,99,5,0
16,4,-0.1496,1,3,5,584.0339,500.4221,589.3102,99,2,0
16,NA,1.9381,1,0,5,535.9483,526.727,579.4283,8,4,0
16,4,-0.0574,1,0,4,545.4929,540.6651,595.1193,9,3,0
16,3,-0.1559,1,0,6,502.1487,519.2039,552.8963,6,0,0
16,NA,0.4729,1,0,6,633.8001,638.2226,716.8152,9,8,0
14.5,3,-0.102,1,3,5,398.8296,362.2428,379.2347,9,1,0
12,3,1.7078,9,5,9,371.8324,428.9317,447.7239,9,8,9
16,NA,0.8272,1,0,8,524.8269,431.8682,543.2591,99,5,0
12,6,0.0291,1,99,99,438.1889,415.8304,432.147,10,99,9
12,NA,0.1168,1,4,10,446.4591,393.5463,442.4126,6,8,0
16,1,-0.699,9,0,3,366.2841,364.4046,354.7445,8,0,0
12,1,-0.4482,2,0,0,508.2468,382.0955,481.3808,7,10,0
16,4,-0.8647,1,0,2,665.5806,523.7417,659.2047,8,0,1
16,2,1.5532,1,8,8,372.452,362.5963,389.288,9,10,0
16,4,0.232,2,0,0,577.4051,545.2957,551.7446,7,8,0
16,2,0.183,1,5,0,477.2917,421.4729,389.3858,10,10,0
16,3,0.7263,1,1,1,519.6615,491.5456,525.5042,6,1,0
16,3,-1.2434,1,6,8,239.1221,311.666,317.5705,5,2,1
16,6,1.9919,1,5,3,332.3121,318.569,333.9543,10,9,0
16,3,-0.3003,2,0,5,558.9268,552.4415,572.5912,8,4,0
16,4,-0.102,1,3,10,619.2534,485.1351,592.4745,10,0,0
16,3,0.8006,1,10,10,334.0658,368.4527,389.1168,10,10,0
12,2,-1.3615,2,0,10,549.5842,466.9276,540.7216,10,2,0
12,4,-0.3003,1,0,4,590.4293,558.1509,605.9933,8,8,0
14.5,2,-0.6086,1,3,10,411.692,337.2205,385.9564,9,0,0
16,4,1.1605,1,0,3,562.1796,513.7143,569.1621,10,10,0
16,6,1.8925,1,0,4,546.164,544.3691,580.0823,7,4,0
16,NA,0.7003,2,0,3,577.1018,553.1402,576.0121,10,2,0
16,4,1.0285,1,0,0,655.0397,593.263,662.2999,99,0,0
3,2,-0.843,9,0,0,418.054,410.3788,462.9591,6,5,0
16,4,1.1605,1,2,4,613.1428,508.1629,606.8419,8,4,0
12,2,0.183,1,2,6,506.1665,435.581,480.97,9,6,0
6,1,-2.4709,2,99,99,407.2462,372.0226,384.2695,10,99,9
16,3,-0.1177,3,0,6,530.6663,529.2259,595.9064,8,1,0
12,3,-0.132,1,0,5,653.4075,565.7551,617.9937,9,5,0
9,3,0.6191,2,99,99,317.5964,345.6232,347.0666,7,99,9
12,2,1.8466,2,0,4,438.3807,428.7353,473.3173,7,2,0
16,NA,-0.2097,1,0,0,526.2807,491.4146,577.8711,99,6,0
16,6,1.002,1,0,1,652.7411,607.5268,686.16,8,5,0
16,4,0.299,1,0,10,456.9462,475.5622,542.9025,9,2,0
16,2,1.2529,1,5,0,389.3813,369.5797,368.4748,10,6,1
12,1,-1.2713,1,10,3,347.0404,381.701,368.0937,8,0,0
12,3,0.6324,1,0,1,514.0392,426.7155,497.3915,7,6,0
9,2,0.29,9,99,99,334.9254,325.6128,330.0001,6,99,9
16,4,-0.8488,1,6,6,452.7182,443.2312,460.7066,10,0,0
16,NA,1.4207,1,4,6,483.1767,460.4064,447.6693,8,10,0
16,NA,-0.0814,1,0,0,434.2664,399.4355,441.1863,8,10,0
16,3,-0.8741,1,0,0,478.1363,445.8863,477.9644,8,4,0
16,6,0.689,1,0,4,704.7243,572.7187,635.2983,8,7,0
NA,NA,99,9,99,99,410.232,395.2411,416.8669,7,99,9
16,3,0.9449,9,0,2,627.9956,508.7027,646.1193,9,5,0
16,6,0.5624,2,0,2,639.6734,598.0224,623.4987,10,4,0
16,4,1.7743,1,0,0,453.0469,407.2176,427.5179,9,6,0
16,NA,0.3344,1,0,3,390.5263,357.7954,324.5377,8,4,0
6,1,0.795,2,4,10,329.432,308.7163,319.278,99,8,0
16,3,-1.1508,1,1,10,441.2773,476.1656,569.6757,9,0,0
NA,NA,-1.2462,9,99,99,531.3825,492.3571,508.9305,10,99,9
12,4,-0.2539,1,0,0,459.551,400.0852,416.4855,8,0,0
12,2,1.5411,1,0,5,418.8968,373.3622,422.1205,10,10,0
12,2,-1.4121,1,99,99,422.1953,384.3651,414.2473,9,99,9
16,3,1.9651,1,0,4,555.3793,521.0751,597.4667,10,6,0
16,4,-0.2812,1,0,0,547.6845,592.4057,597.7852,8,3,0
12,4,-0.1385,1,2,10,527.927,452.242,512.468,10,0,0
16,4,1.4072,2,0,9,516.9821,393.8388,450.1625,8,9,0
16,1,-1.4079,1,0,8,401.3066,411.689,407.9542,7,2,0
9,1,1.4609,9,10,10,341.8245,387.5381,365.3012,10,10,0
16,4,0.3924,2,0,2,598.9799,488.6086,509.3876,99,3,0
16,4,-0.3065,1,0,10,472.7237,479.424,484.153,10,10,0
9,2,-0.7449,9,8,10,463.8148,417.2104,461.4093,7,5,0
16,2,0.7159,3,0,3,665.01,642.6679,626.2303,9,5,0
12,4,1.0902,1,4,2,355.7946,352.352,404.3101,6,5,0
16,4,-0.1177,1,0,3,629.1462,551.0789,579.649,7,4,0
16,7,0.5598,1,1,1,663.9614,630.9496,639.3981,8,9,0
12,3,1.0229,2,0,0,460.1356,378.6224,416.8277,8,2,1
16,NA,0.9964,1,0,5,569.4559,507.9983,542.2751,10,8,0
16,4,0.7159,1,0,1,660.2583,599.5204,634.2914,99,5,0
12,2,0.6259,2,0,0,465.7285,415.7246,456.7069,9,2,0
12,1,-1.6697,1,99,99,400.4829,374.0566,364.859,8,99,9
16,7,1.6257,1,99,10,659.154,620.9344,653.4529,9,10,0
16,NA,1.4249,1,99,99,571.5039,571.0137,569.4544,NA,99,9
16,4,-0.2768,9,6,4,369.9187,358.3701,363.8681,99,6,0
16,4,0.3344,1,0,0,587.2686,622.7004,625.2549,10,10,0
16,4,-0.0073,2,0,3,770.5036,689.4177,751.051,8,5,0
16,4,0.1106,1,0,9,318.8503,365.947,383.7906,8,5,0
12,1,-0.701,1,3,2,484.8697,476.9315,573.835,7,0,0
16,4,0.2473,1,3,7,421.4547,358.6414,475.1211,7,7,0
16,4,1.4128,1,6,4,413.1628,365.5906,471.9289,99,4,0
16,NA,-0.1805,1,0,5,651.3734,613.9025,674.7109,8,5,0
12,4,0.1891,1,99,99,491.2435,431.7982,471.0755,8,99,0
NA,4,1.9651,1,0,10,538.4837,435.9041,536.1926,8,4,0
16,4,0.181,1,2,7,584.8386,536.0675,626.8559,9,4,0
12,2,0.0494,1,0,6,569.7163,540.7506,619.7372,8,4,0
16,4,0.7333,1,2,6,441.5487,419.206,471.6092,8,4,0
12,2,1.0618,9,0,6,554.0941,413.7176,493.1228,8,5,0
9,4,-0.6259,2,0,5,604.3088,511.1849,578.7721,8,3,0
14.5,3,-0.8601,9,0,8,446.4512,366.8966,431.5005,10,5,0
9,3,-0.8252,9,0,0,462.3356,384.0954,434.9864,9,7,0
16,3,-0.6,1,0,0,567.9974,438.6982,518.6151,10,4,0
16,4,-0.4982,1,0,0,656.7914,657.4813,697.8058,9,8,0
12,4,-0.3295,2,0,10,456.8516,418.5065,485.8376,9,10,0
12,3,-0.8198,2,0,5,519.4004,437.3457,481.3807,8,4,0
12,6,1.1813,3,0,8,484.7845,495.197,492.7304,10,10,0
12,1,0.8693,1,0,9,476.4736,411.7291,470.1437,9,0,0
16,3,-0.5855,1,0,4,538.0108,439.3164,535.3535,9,10,0
16,2,1.5585,1,8,8,345.7747,317.8961,356.9855,7,5,0
16,4,-1.6635,1,0,0,356.5531,317.9941,362.0716,10,5,0
16,1,0.7057,1,99,99,440.0097,414.2449,432.3184,99,99,0
16,3,0.5838,1,1,0,508.5778,421.0473,467.085,7,5,0
16,4,1.4126,3,0,0,496.692,445.7909,452.3143,9,5,0
16,7,-0.4482,1,0,5,683.628,693.8083,678.9686,7,5,0
12,3,-0.0683,1,0,2,501.2384,380.9079,464.9668,99,1,0
16,4,-0.952,1,2,10,591.6895,567.5729,644.4412,9,10,0
16,3,0.761,2,5,7,469.7494,452.9028,476.5419,8,5,0
16,4,0.6055,2,0,3,616.9756,534.9585,602.0262,8,6,0
16,4,0.5869,1,0,7,606.6623,547.9497,600.7669,9,1,0
16,4,0.232,1,2,6,671.8455,532.3754,642.5288,8,10,0
14.5,2,2.0038,1,0,0,378.8368,374.3576,392.4187,8,6,0
16,1,0.8701,1,0,6,430.4606,407.1313,438.1871,7,7,0
12,6,0.009,1,1,6,642.4687,603.9717,588.991,99,5,0
16,4,-0.4364,3,0,3,410.6343,389.553,429.9138,7,9,0
9,3,-1.3707,1,0,10,521.7115,463.1965,507.2869,10,10,0
14.5,3,-0.5168,1,3,0,460.937,418.5293,454.8507,10,5,0
12,3,-0.6,1,0,10,524.1283,421.0731,484.9506,8,10,0
16,3,0.5349,1,0,6,439.3069,370.4751,364.7335,7,7,0
16,6,0.1891,1,0,0,663.7677,597.8681,646.4966,8,4,0
9,2,1.1084,2,0,5,479.7233,411.6094,422.4146,99,5,0
12,3,-0.2768,1,0,99,399.6622,398.2563,377.1008,8,6,0
12,4,0.3371,1,0,10,603.8116,458.7928,522.8062,9,4,0
9,2,1.63,1,0,0,454.9136,338.8631,419.0883,8,8,0
16,NA,2.0987,1,0,5,475.1724,399.4793,457.2877,10,10,0
16,2,0.1891,1,0,10,541.4572,467.1486,559.35,99,5,0
16,2,-1.0015,3,0,0,452.5038,426.0885,450.2104,8,2,0
12,2,-0.6259,1,0,7,502.6416,397.2475,480.7502,3,7,1
12,2,-0.6259,1,0,0,476.5649,429.4831,497.0508,99,0,0
9,2,-0.4251,1,0,4,472.5768,440.395,490.1505,7,1,0
16,2,-0.6852,9,99,2,223.1168,331.6259,327.705,99,99,1
16,4,0.4764,3,0,10,383.1851,351.7791,383.8317,10,6,0
16,7,0.5482,2,2,2,642.3268,651.5801,646.9096,8,4,0
12,3,-0.457,9,6,10,387.2337,365.56,369.2845,10,5,0
16,6,0.4484,1,2,1,587.9429,542.2117,594.5057,8,5,0
16,3,99,1,0,10,408.2004,380.7314,346.9695,1,2,1
16,7,1.1012,1,0,5,701.6844,670.2058,673.585,9,5,0
16,NA,1.1084,1,1,5,657.556,597.4596,677.4976,8,5,0
16,NA,0.2079,1,0,1,546.4758,469.1956,508.7625,9,2,0
16,4,0.8724,1,0,1,610.6503,570.5086,614.3736,99,10,0
16,1,0.9229,1,0,10,342.4912,327.5437,335.5313,8,4,0
16,4,-0.0098,1,2,10,365.7877,359.3912,404.0444,8,6,0
12,2,-0.8421,1,0,7,539.8129,487.0846,539.8381,9,0,0
12,2,-0.3003,2,0,10,467.8083,446.1088,505.293,NA,10,0
16,3,1.2247,2,0,1,549.2292,530.4484,578.8093,8,4,0
12,2,3.2153,1,4,4,374.7034,328.6586,351.6726,5,0,0
12,2,0.2028,1,0,0,447.7109,356.292,410.812,7,1,0
6,2,-2.5924,1,99,99,316.5715,315.1553,319.3714,99,99,9
12,1,-0.6094,1,4,1,488.4666,553.3035,534.4752,9,1,0
12,3,-1.0077,9,0,6,438.6279,307.8381,302.2942,3,3,0
NA,NA,99,9,99,99,490.2469,489.4366,511.5035,99,99,9
NA,NA,99,9,99,99,394.5309,372.3762,379.3592,99,99,9
16,2,1.4608,2,8,0,410.2321,399.0516,415.1904,7,2,0
16,NA,-0.5191,1,0,5,683.2289,651.7464,712.6519,9,5,0
16,4,0.7159,3,0,4,613.4663,472.2292,617.8254,8,2,0
16,NA,0.3762,2,0,3,586.6821,527.01,562.0494,8,3,0
NA,NA,99,9,99,99,532.4177,521.5654,527.5532,NA,99,9
12,3,0.183,1,1,3,582.0464,501.146,538.5667,9,6,0
16,4,0.9473,1,0,10,619.9598,555.0786,555.445,8,5,0
NA,NA,99,9,99,99,505.7023,477.8029,498.5219,9,99,9
9,3,-0.6259,2,0,5,591.7284,500.6534,489.6034,10,3,0
16,3,0.4721,1,0,10,593.2622,500.734,589.6409,10,10,0
16,4,0.4207,1,0,6,594.5422,571.0419,622.433,7,8,0
14.5,2,-0.3732,1,0,0,431.106,419.7324,442.5002,8,0,0
12,6,-0.8957,1,5,8,545.3236,468.5037,480.7659,99,3,0
16,1,-0.5882,1,4,0,324.7929,275.7399,316.6556,99,1,0
16,3,1.3033,1,0,0,530.2348,500.46,509.3386,7,10,0
12,4,1.2858,2,10,10,539.7726,436.7206,525.7439,7,10,0
16,6,1.6446,1,0,10,589.3948,580.7014,560.6575,9,6,0
12,3,0.7079,1,6,6,261.3643,254.3709,187.9213,5,4,0
16,7,0.5801,1,99,99,584.3666,567.2171,566.501,10,99,9
16,6,-0.2544,1,0,1,548.8377,625.5257,596.9716,10,1,0
9,4,1.2316,1,7,5,434.742,375.4298,379.1588,3,2,0
14.5,NA,0.2607,1,2,8,523.8773,511.817,507.9655,99,7,0
6,4,0.5869,2,5,0,530.9462,462.1784,529.8996,8,3,0
12,6,1.8136,1,0,8,617.7016,511.6809,581.4304,10,8,1
16,NA,0.2886,1,99,99,568.2239,491.3168,530.1649,8,99,9
16,2,-1.7465,1,0,4,289.0769,314.2581,328.2944,7,8,1
16,1,-0.7244,1,0,0,419.0783,343.1024,401.162,7,7,0
12,4,0.0195,1,5,10,447.7805,447.4939,455.7366,9,5,0
16,NA,0.7159,1,0,10,618.274,576.4064,624.6212,8,2,0
16,6,-1.346,1,0,1,548.2614,480.7741,457.491,7,4,0
16,4,-1.3015,1,0,10,570.2377,463.8246,562.8629,10,1,0
16,3,-1.9664,1,0,2,483.0621,408.4182,446.4598,8,2,1
16,4,0.8771,1,0,6,709.5113,668.596,694.7904,8,8,0
12,4,-1.064,2,0,5,599.1692,611.3784,701.1106,8,5,0
16,7,0.0464,1,0,6,631.7728,612.0627,639.0935,6,4,0
16,NA,0.6293,1,0,9,491.5949,443.2505,552.0245,99,4,0
16,4,0.1891,1,0,0,655.0227,622.09,600.3395,5,5,0
16,4,1.4583,1,8,9,660.2345,629.4813,677.5252,9,8,0
16,6,1.4072,1,0,4,674.1453,695.0569,666.6438,5,7,0
NA,NA,99,9,99,99,418.7026,405.3115,381.2003,7,99,9
12,4,0.1,1,0,10,513.5622,485.8381,528.1943,7,2,0
12,3,1.3963,1,0,6,541.0478,433.4546,502.4575,9,5,0
9,2,-0.7123,2,4,0,364.4993,359.9701,357.7688,8,4,0
14.5,2,0.8734,9,5,5,443.3583,466.6666,480.8871,10,5,0
16,2,0.232,2,0,2,540.5041,490.5681,492.2888,10,4,1
9,2,0.002,9,0,6,430.0893,412.1886,419.6842,8,3,0
16,4,1.0592,2,0,0,496.6416,425.4643,474.5749,9,8,0
12,4,0.3161,2,0,0,656.4422,548.4013,635.8602,7,5,0
16,6,-0.6461,1,99,99,465.7479,445.3427,455.6995,7,99,9
16,3,0.0198,1,0,0,732.7985,626.174,742.6173,10,5,0
12,2,-0.1622,1,5,0,421.0082,426.0249,415.45,8,6,0
16,4,0.6267,1,0,6,358.1582,360.9644,391.4414,8,6,0
16,3,-0.8205,2,0,3,442.0247,415.3991,403.8129,6,1,0
16,4,1.2777,1,0,4,581.5202,438.4913,561.6286,7,2,0
16,6,0.8511,1,0,4,636.8249,537.6837,608.8561,10,10,0
12,4,0.3,1,0,8,435.6787,365.6684,379.606,10,8,0
16,4,-0.1622,1,2,0,709.1455,675.6113,732.866,99,0,0
14.5,4,0.6731,1,0,0,569.2329,515.7453,605.1792,10,3,0
16,4,2.0193,1,7,3,446.5108,369.3161,408.5344,9,10,0
16,4,0.1428,9,6,10,382.4314,353.5415,369.1018,99,3,0
3,1,-0.132,9,0,0,435.3412,459.5131,449.2404,7,5,0
14.5,4,0.2773,1,0,3,598.2311,562.7915,552.4751,8,5,0
16,1,-1.1107,9,5,7,476.4416,358.8864,427.7931,5,5,1
NA,NA,99,9,99,99,520.7502,517.1193,528.7549,10,99,9
16,3,-0.6205,1,0,4,629.1894,583.7297,599.7897,10,9,0
16,2,0.6216,1,0,10,387.3367,321.9527,391.2425,10,10,0
16,4,0.495,2,0,1,492.1806,531.9948,534.6223,7,6,0
12,NA,-0.0889,1,1,3,669.5636,640.5324,677.2542,8,3,0
9,2,-0.8014,3,0,2,383.5824,402.4726,369.6093,8,2,0
14.5,4,2.7595,1,2,0,528.6634,493.7244,539.1084,7,4,0
16,2,-0.9671,1,0,0,439.8097,436.8263,509.2869,9,9,0
12,3,-0.1496,2,0,4,596.2175,474.4521,555.4542,9,0,0
12,2,0.4668,2,0,0,372.3128,430.974,379.0001,99,1,0
16,4,1.2602,1,0,3,649.9852,566.2505,617.387,9,2,0
12,4,-0.3295,1,0,3,604.7271,546.8429,582.0204,9,4,0
NA,NA,99,9,99,99,455.9224,359.2845,411.8952,NA,99,9
16,3,-0.6443,9,4,4,300.9542,330.7021,307.8784,1,9,1
16,6,1.6393,1,0,5,559.719,470.8306,527.3804,99,4,0
16,2,-0.5615,2,99,99,341.7849,325.3796,329.3421,10,99,9
12,2,-0.2768,2,1,8,624.9446,494.9105,575.1838,10,6,0
9,3,1.6868,1,0,10,524.8636,498.8716,556.633,10,1,0
16,NA,1.6041,1,0,0,609.0335,498.5679,524.966,8,4,0
16,4,-0.3752,1,99,99,410.5893,375.4569,390.7755,5,99,9
14.5,4,0.6044,1,0,7,609.2857,593.2744,670.1795,8,2,0
NA,NA,99,9,99,99,387.65,342.9671,366.335,NA,99,9
16,1,0.1891,1,0,3,617.7872,560.9112,610.0647,8,0,0
16,4,-0.102,1,0,2,571.346,575.7358,560.5142,99,6,0
9,3,0.1428,1,0,10,548.1373,465.7401,578.2527,9,5,0
9,NA,0.5166,1,0,1,526.1205,455.8176,535.4683,99,5,0
12,3,0.3624,2,0,2,605.9051,551.1603,603.211,8,8,0
14.5,3,0.2181,1,0,0,591.3418,487.8437,566.6949,10,3,0
12,2,-0.4013,2,0,10,428.0586,411.5913,412.1603,8,10,0
16,7,0.8771,1,0,0,730.0571,614.791,699.8419,5,4,0
NA,NA,99,9,99,99,475.1056,498.3607,494.8384,NA,99,9
16,4,0.7159,1,0,1,608.275,551.2691,605.9463,9,8,0
16,6,-0.1622,1,5,10,582.8673,566.5335,610.2397,10,3,0
12,3,1.2422,1,0,0,430.0209,319.4136,376.5632,99,8,0
16,7,0.4207,1,0,0,708.0081,676.7831,710.3698,8,4,0
16,2,-1.0153,1,4,9,310.5461,306.4806,304.0815,8,7,0
16,NA,1.1605,1,0,2,625.6531,516.7668,611.4556,9,5,0
12,4,1.2952,1,2,6,626.789,474.6211,538.0854,10,7,0
12,3,-1.0376,2,0,3,498.0851,443.8503,535.7962,8,0,0
16,3,-0.3003,1,0,3,424.0788,428.1159,472.3614,10,9,0
16,6,1.4326,1,4,5,523.0187,497.7331,467.8824,7,4,0
16,6,-0.1795,1,4,7,494.1716,370.1621,420.2423,6,2,0
14.5,2,0.1805,3,0,4,519.0956,451.7046,465.0985,10,4,0
NA,NA,99,9,99,99,451.1338,420.6527,456.6107,9,99,9
9,3,0.3168,2,0,5,524.3098,560.2318,599.6471,9,5,0
14.5,2,-0.8205,3,0,6,624.9094,592.8655,613.978,8,3,0
3,2,1.0664,2,0,1,358.9278,325.5589,379.5088,7,3,0
16,6,0.0797,1,0,2,698.2878,584.5614,634.7013,7,7,0
16,4,0.8771,1,0,2,543.945,543.7446,536.0539,8,3,0
14.5,2,1.5532,1,0,2,370.9061,370.8657,362.6225,10,0,0
12,3,-0.3588,1,5,5,503.3219,378.8618,400.0752,8,10,0
6,2,-0.6639,2,5,7,367.6367,368.5863,400.3356,99,1,0
12,4,0.743,2,0,2,672.8459,568.0719,636.5721,8,6,0
12,2,-0.0073,1,0,2,493.7354,456.7562,492.7482,8,2,0
16,4,-0.3588,1,0,4,627.2892,599.5035,660.0213,9,8,0
12,2,-0.2812,3,0,4,571.4921,525.6588,584.0262,99,4,0
16,4,0.2835,2,0,10,658.6405,639.0071,668.3845,8,10,0
16,2,0.8655,1,0,0,462.3698,373.0722,439.0028,9,1,0
16,3,-1.5122,1,0,10,425.0253,385.2826,365.4648,10,6,0
14.5,2,0.66,1,0,2,474.9728,387.7811,425.9851,10,4,0
16,4,0.1419,1,1,4,669.001,531.6265,579.5248,9,2,0
16,4,1.3033,1,0,0,444.7522,497.7138,492.3567,5,0,0
16,3,0.4892,1,0,0,672.0565,654.4641,728.5562,99,5,0
14.5,NA,-1.6221,2,0,6,438.1727,359.1475,401.9606,99,8,0
NA,NA,99,9,99,99,456.0219,386.1191,438.6717,10,99,9
16,6,-0.2123,2,0,2,754.1375,731.368,753.6856,7,5,0
12,4,-1.2026,1,0,10,526.165,449.0262,517.9676,8,0,0
12,NA,0.5567,1,0,10,560.6378,448.1333,529.2465,8,4,0
14.5,2,-0.413,2,0,0,410.7083,360.0433,409.9468,7,3,1
16,7,0.4293,1,0,4,742.3815,644.6377,701.9529,9,5,0
16,6,1.253,1,10,10,322.7625,336.542,316.8725,10,10,0
16,NA,1.0151,1,99,99,429.5835,423.1724,428.2714,10,99,9
16,NA,-1.4697,1,2,8,321.4078,354.8943,347.1764,7,6,1
16,NA,0.8511,1,0,10,622.5238,469.17,539.0645,7,8,0
NA,NA,99,9,99,99,483.7133,406.69,447.1401,NA,99,9
NA,NA,99,9,99,99,508.7704,484.9034,528.7119,8,99,9
12,4,1.111,1,6,6,314.9408,269.8567,294.0003,1,4,0
16,3,1.2031,1,0,4,514.1105,467.93,494.554,8,4,0
16,4,0.7333,1,1,4,550.9974,479.7109,579.3853,99,6,0
16,6,1.4907,1,0,1,699.0986,628.7373,723.8419,6,7,0
16,4,0.1601,2,0,10,557.1355,558.7025,605.403,8,5,0
16,7,0.8245,1,0,2,697.0632,701.7502,729.9042,9,4,0
16,NA,1.5638,1,0,9,399.2614,447.4227,465.1572,99,7,0
16,NA,0.6314,1,4,5,562.2593,440.2039,465.5775,9,5,0
16,4,-0.4263,1,0,4,546.5697,481.986,503.158,9,6,0
12,3,1.5788,1,0,0,387.4208,327.1396,379.8817,9,7,0
16,2,0.5224,3,0,10,489.8167,505.5667,445.645,7,8,0
6,2,0.173,2,0,4,541.2101,466.7567,551.5888,6,2,0
16,4,0.5166,1,0,0,407.1761,314.0132,302.7204,99,0,0
12,2,1.7895,1,99,99,357.5395,332.0726,343.0214,9,99,9
NA,NA,99,9,99,99,597.6633,506.8081,578.5093,99,99,9
16,NA,0.1106,1,0,10,568.2755,520.2298,550.6495,99,4,0
12,2,0.781,2,0,0,569.7502,511.2448,600.8881,7,10,0
16,NA,0.8511,1,1,0,662.2712,648.9123,713.4605,8,4,0
14.5,4,-0.0073,2,0,1,571.0634,500.8372,559.0305,99,4,0
12,1,-0.7786,1,0,1,621.7283,527.349,566.0994,8,0,0
16,NA,1.5949,1,0,3,569.2859,475.397,586.1362,8,4,0
12,3,0.8486,1,4,8,586.8223,576.9382,547.981,9,9,0
12,NA,-0.6259,1,3,6,487.8125,479.8326,555.6062,8,6,0
14.5,7,1.1605,1,0,10,432.8077,387.7517,458.2151,8,0,0
12,1,-0.1129,1,0,3,417.7574,390.0816,420.4178,8,2,0
12,4,-0.0574,2,0,2,543.4982,499.061,527.2915,7,7,0
16,3,-0.3812,1,0,10,505.5621,474.4059,582.1789,8,10,0
14.5,2,0.5437,2,99,99,361.5488,363.5924,372.2225,8,99,9
16,NA,1.2781,1,2,5,475.909,411.0827,481.7836,10,1,0
16,4,0.3654,1,2,0,617.9237,552.9779,598.5242,8,5,0
16,NA,0.1891,1,0,4,592.27,517.6881,555.2183,9,4,0
14.5,4,0.9105,1,0,2,552.9,506.8422,560.7201,9,3,0
6,4,-0.0826,2,0,3,607.1168,572.5035,568.7796,8,1,0
12,4,0.0495,1,0,4,586.9434,488.4091,578.5777,9,10,0
NA,NA,99,9,99,99,623.2406,556.5354,612.9727,10,99,9
12,2,0.6661,1,0,5,459.7394,355.9468,401.5877,9,9,1
12,NA,-0.3262,9,2,4,368.457,337.3872,332.2799,6,0,0
9,2,0.1952,1,0,4,437.971,458.5882,489.2619,8,0,1
12,3,-1.0634,3,0,5,439.3209,399.1523,412.8275,9,7,0
16,4,0.7102,1,0,1,697.8827,551.2459,622.9543,NA,6,0
9,3,-0.102,9,1,2,519.3752,467.8968,485.9979,9,4,0
16,3,-0.3295,1,2,0,480.7605,446.0948,432.0342,10,10,0
12,2,-0.9887,1,99,99,460.0671,407.6859,430.4198,7,99,9
9,1,0.8486,2,2,0,378.6844,361.372,388.3113,10,0,0
12,3,0.6273,1,0,0,292.6004,279.5076,294.9136,10,10,1
16,4,-0.09,2,0,6,567.6144,493.1309,550.0707,10,6,0
12,4,-1.064,2,1,4,613.7601,619.4828,615.2855,7,3,0
16,NA,0.4946,1,0,0,468.0491,383.1908,453.3665,6,2,0
16,6,0.3924,2,0,7,599.3174,589.3113,600.4369,8,9,0
16,NA,-0.9563,2,10,10,429.7927,417.9084,450.7888,10,0,0
12,NA,-0.8647,1,0,10,666.443,602.0505,653.0716,10,2,0
16,6,1.002,1,0,0,656.4249,605.428,615.4343,8,5,0
16,2,0.3085,1,0,5,579.9603,467.3074,551.2532,9,6,0
16,4,99,9,99,99,321.6567,303.7082,306.9419,7,99,9
9,3,-0.6495,9,0,10,339.4665,365.0503,344.9465,9,3,0
12,2,-1.0503,1,0,5,545.064,440.7802,498.3114,10,0,0
12,2,0.0495,1,3,2,554.7309,526.3479,563.9656,10,6,0
16,NA,3.0882,1,0,10,446.8152,436.4591,451.3208,10,10,0
12,4,1.4352,1,5,0,514.2334,466.5855,536.028,10,10,0
16,2,1.002,1,0,2,512.9102,458.8268,487.3937,7,5,0
16,4,0.5675,1,0,6,475.2722,487.5359,537.9311,9,0,0
12,NA,-0.6464,1,0,0,403.5206,358.1168,410.9951,10,0,0
16,2,0.6088,1,99,99,424.0085,466.1453,432.7545,8,99,9
16,4,-0.9973,1,4,2,488.2671,469.5067,465.2837,6,3,0
12,4,0.1891,1,0,6,600.8998,508.7407,585.5109,10,4,0
16,6,1.1343,1,3,6,549.3545,426.6119,491.5476,10,8,0
16,4,-0.9169,1,0,5,700.2143,618.9204,693.2676,8,3,0
12,3,0.7486,2,8,8,305.0577,384.1681,320.2891,7,8,0
12,4,-0.1383,1,0,10,519.86,413.0197,441.6447,9,6,0
14.5,NA,0.9155,1,0,0,573.7886,496.3539,562.4148,10,5,0
16,2,-2.9167,1,10,10,233.9789,296.1403,311.1248,10,10,1
16,4,1.002,1,0,0,598.0303,558.9037,551.147,7,4,0
12,2,-1.7591,2,5,5,298.9854,307.6793,295.0504,10,5,0
16,1,2.066,1,99,99,315.559,367.1168,301.1148,10,99,9
12,NA,-0.3295,2,0,10,514.4296,519.6908,501.5084,3,6,0
14.5,6,-0.0073,1,3,5,560.4506,426.2013,542.1502,7,0,0
16,3,0.4203,1,5,5,575.4964,486.7287,578.5313,7,5,0
16,7,1.1292,1,0,6,509.4764,502.0988,520.8211,10,6,0
16,2,0.1296,1,0,0,544.8659,424.5476,502.8371,10,4,1
16,2,1.082,1,99,99,361.523,346.1335,342.2089,99,99,0
16,4,1.3438,2,99,99,391.8172,377.2445,349.7547,8,99,9
12,4,0.0166,3,0,7,409.3267,352.5071,415.9567,8,8,0
12,2,0.1891,1,0,5,459.1119,419.6598,430.3938,7,4,0
12,4,1.3413,1,10,10,492.4551,420.474,385.4049,8,10,0
12,4,1.7661,1,0,0,594.2015,549.2999,589.5503,10,10,0
16,3,1.1781,1,0,4,488.4006,477.2394,486.3519,5,2,0
16,6,0.7854,1,0,5,608.7398,528.5177,612.3489,9,5,0
9,4,1.1577,2,5,3,479.4949,443.5024,524.3503,8,2,0
16,4,-0.3295,1,0,0,459.1921,397.8364,473.243,9,0,0
16,6,-0.0574,1,1,5,546.6198,491.5962,546.0243,8,7,0
16,NA,-0.8787,1,4,8,580.0573,538.8733,532.0524,6,0,0
16,6,0.3061,1,0,4,642.4911,647.0626,675.6601,8,10,0
14.5,4,-0.3003,1,0,5,585.9107,552.5874,652.0458,8,3,0
14.5,3,1.2884,1,0,10,419.7549,371.0087,377.8813,5,0,0
16,4,0.6362,3,2,4,257.9165,315.249,364.3687,4,6,0
16,2,0.4946,1,2,4,471.8104,455.105,549.9661,99,1,0
16,2,0.3924,1,0,10,491.88,446.9421,517.9594,10,5,0
12,2,-0.6596,2,0,10,389.1008,367.5954,302.5952,7,0,0
16,6,0.1891,1,0,5,538.8212,433.033,527.6605,7,8,0
16,4,0.5166,1,0,1,576.5391,504.3121,589.1739,9,0,0
12,2,-0.2001,2,99,99,385.7819,414.5797,401.4544,99,99,9
12,4,0.1428,1,0,6,456.4218,470.9217,534.452,7,5,0
16,3,-0.2123,3,0,1,682.2153,606.8292,650.4528,6,3,0
12,7,1.2701,1,0,6,547.0935,470.0201,517.1798,9,2,0
16,3,1.4072,1,5,0,496.4098,467.1202,492.7577,NA,2,0
14.5,3,-0.4924,2,0,3,638.4385,595.4039,693.121,9,5,0
12,2,0.6293,1,6,3,417.779,386.6584,394.1166,8,3,0
6,2,-1.2726,9,0,5,378.4366,416.0293,500.3271,7,3,1
12,4,0.1428,1,0,10,531.2246,439.963,499.6996,10,4,0
16,6,1.1719,1,0,0,575.8486,548.7109,609.3963,8,5,0
16,3,-0.0073,1,0,4,531.6608,427.8674,448.4674,1,4,0
12,3,-0.102,1,0,0,438.0963,389.3977,460.8807,8,7,0
16,1,-1.5638,2,99,99,288.8571,311.1751,312.4907,99,99,9
16,2,-0.8474,1,0,0,394.8355,410.2941,383.6775,8,1,0
16,1,1.3805,3,0,4,436.6452,364.5058,398.8681,10,9,0
16,3,-0.0073,1,0,6,406.3284,344.7009,401.1052,9,5,0
NA,NA,-0.6495,9,99,99,527.1013,457.6742,503.3102,8,99,9
12,2,-0.3003,1,0,6,457.2908,447.1863,457.5751,8,0,1
16,4,0.3344,1,0,7,644.9107,633.5858,642.1331,10,2,0
16,2,0.2801,1,0,0,553.9102,514.9975,502.381,9,10,0
14.5,4,-1.0112,1,0,6,510.4817,407.8799,477.1284,9,5,1
12,4,-0.102,1,0,0,492.5748,427.131,492.2495,6,6,0
16,6,1.1343,1,0,4,627.513,573.2395,657.9651,99,5,0
16,4,1.9514,1,0,0,293.0374,321.0483,320.3348,3,2,0
16,6,0.2741,1,2,3,588.7061,528.6495,559.9394,10,4,0
16,NA,0.4011,2,0,10,577.1404,503.5902,552.7525,8,10,0
9,2,0.5567,1,8,10,368.0827,363.0751,431.0878,10,3,0
12,4,0.2479,1,0,10,496.4989,441.8597,542.1553,8,2,0
16,7,-1.1819,1,0,1,529.1479,491.0202,510.377,9,10,0
16,2,0.0526,3,0,1,500.6431,478.401,443.0871,7,2,0
12,2,0.5496,9,99,99,344.0521,334.4389,340.808,8,99,9
12,3,0.1428,1,0,3,295.2696,282.5662,283.9841,8,0,1
16,6,-0.6692,2,0,2,603.6091,522.0248,568.2629,10,2,0
NA,NA,99,9,99,99,638.797,594.1874,645.0852,9,99,9
12,3,-0.4016,1,5,5,424.4085,414.6762,397.448,7,7,0
16,3,-0.0447,2,0,2,512.3267,450.3652,419.5713,7,1,0
12,1,-0.0073,2,0,2,409.6592,356.1146,403.4936,6,0,0
16,1,-1.3379,1,10,10,237.965,330.3103,277.5954,7,0,0
16,NA,-0.6614,2,0,5,543.5916,422.4167,533.5289,7,2,0
12,2,0.3953,1,0,10,375.1632,355.0818,337.6312,99,6,0
16,NA,0.6731,2,0,7,729.9263,660.9686,746.7317,8,5,0
12,3,0.1891,1,2,0,583.0519,526.8286,584.3631,10,4,0
16,1,1.4609,1,0,3,378.9669,370.977,358.9773,6,5,0
16,4,0.3568,1,0,4,514.5836,493.0089,547.8554,99,0,1
16,3,-1.2294,1,0,6,684.4457,578.3357,669.552,10,1,0
16,NA,-0.5268,1,99,99,376.7337,367.1737,381.7188,10,99,9
16,NA,2.2514,1,3,10,497.8003,428.2202,451.1646,10,10,0
16,4,0.6731,1,2,7,580.7516,545.1492,577.621,8,2,0
12,3,0.3507,1,0,0,341.5962,309.8839,347.1879,3,0,0
16,7,1.5652,1,0,10,460.4118,457.1413,451.5362,10,10,0
12,4,-0.1323,1,0,5,657.9653,577.2543,651.4847,10,5,0
12,NA,0.8701,2,10,10,566.1699,478.9449,484.0524,6,6,0
12,2,0.9128,1,0,0,373.4581,340.3359,318.7595,10,3,0
16,4,1.1084,1,0,0,615.1638,570.0209,579.6049,6,5,0
12,3,0.783,2,0,2,534.907,466.7081,520.6867,7,2,0
NA,NA,99,9,99,99,592.6491,551.8792,596.3978,99,99,9
NA,1,-1.4955,1,4,2,348.2214,361.0416,405.8584,7,2,0
9,1,-0.3003,1,0,0,532.6064,497.9441,537.7165,8,3,0
12,1,-0.001,2,0,10,600.464,511.7002,550.79,8,2,0
14.5,4,1.0979,9,0,1,555.1936,537.9574,587.0344,6,3,0
16,NA,1.7333,1,2,3,651.4112,557.0762,601.3954,9,3,0
16,4,0.7215,1,0,10,497.9961,428.2626,487.1013,99,10,0
16,6,0.4006,1,2,0,557.1075,452.1857,521.8272,99,6,0
14.5,2,0.7159,1,5,10,479.278,429.0091,535.989,10,10,0
16,4,2.1327,1,4,2,588.8522,470.1201,531.5211,6,4,0
12,1,-1.0038,1,0,4,401.3926,325.8448,370.9021,2,0,1
16,4,0.2586,9,10,10,344.3888,323.9315,289.5772,8,10,0
12,3,-0.7816,2,0,0,339.8704,357.9484,340.3388,99,6,0
12,3,-0.3003,2,0,2,568.3108,519.0532,582.5681,9,2,0
12,3,0.3295,1,0,10,532.7618,415.21,511.9152,8,5,0
16,4,0.6375,1,0,0,614.0315,536.6131,612.7026,9,1,0
12,3,0.7641,1,0,0,730.9485,628.5729,719.0796,8,6,0
16,4,-0.651,1,2,5,552.7574,539.5382,616.3722,9,8,0
16,7,-0.651,1,0,3,644.6277,621.9272,711.8356,8,5,0
14.5,3,0.5166,1,0,2,530.1857,511.2134,562.6899,10,6,0
14.5,4,-0.2768,1,0,1,663.9827,586.7649,533.7868,10,4,0
16,1,-0.9249,1,9,9,437.4147,434.9056,463.7101,9,1,0
16,2,-0.1622,1,0,0,398.5323,363.6168,369.7031,8,2,0
16,7,1.0546,1,0,2,605.7538,539.6347,649.0006,8,4,0
12,3,1.3838,1,3,1,483.8687,445.2612,454.4373,8,5,0
12,2,0.1341,1,0,0,415.5903,370.793,435.94,9,8,0
12,1,1.5518,1,5,0,344.0702,370.9795,379.1604,10,5,0
12,4,-0.651,2,0,5,580.2117,538.8392,595.1647,8,5,0
NA,NA,99,9,99,99,450.2148,442.9982,448.6525,10,99,9
16,NA,0.638,1,99,99,399.5408,427.6621,402.7086,9,99,9
9,1,-1.1108,3,0,0,567.4649,462.7771,511.8573,8,4,0
12,3,0.1458,1,2,5,467.6393,403.1918,470.1733,6,3,0
16,2,1.3838,1,0,3,506.8198,441.5504,472.9533,9,6,0
14.5,NA,0.076,1,10,6,373.1373,335.7975,353.5717,5,4,1
16,4,2.2859,1,0,0,405.7741,327.6449,369.8463,6,4,9
16,NA,-0.0817,1,0,0,635.302,560.8572,581.2259,9,7,0
16,3,-0.651,2,0,2,433.0838,364.945,429.1372,7,10,0
9,1,-0.2835,1,99,99,396.0226,352.9238,368.0131,9,99,9
16,6,1.2913,1,0,2,559.8092,523.1419,552.8499,9,5,0
9,1,-2.1608,3,99,99,314.8494,330.006,323.7049,10,99,0
12,4,0.7641,2,0,4,474.0636,402.3809,497.7799,8,4,1
16,4,-0.102,9,0,0,475.8248,366.9589,414.2467,99,2,0
12,3,-0.6259,1,0,2,563.1738,535.7486,541.749,9,4,0
12,4,0.7643,1,2,0,642.6156,493.1194,533.8318,10,4,0
16,1,-1.3814,1,10,2,361.3345,337.1541,364.2788,99,1,0
12,3,-0.0995,1,0,2,364.5809,380.2935,371.3933,10,8,0
16,3,0.9758,1,0,2,655.5662,622.7496,648.426,9,2,0
16,7,-0.0574,1,0,5,585.6684,503.2928,601.9924,9,5,0
16,3,0.7159,1,0,0,594.9398,576.1084,632.2594,9,1,0
12,NA,-0.1177,3,0,5,660.4052,618.2862,633.2079,8,7,0
16,2,0.2259,1,0,0,617.826,595.0723,644.0233,7,1,0
14.5,3,-0.7194,1,0,7,546.6411,535.3024,622.9171,99,0,0
14.5,4,0.6494,1,1,3,515.6517,452.1298,531.4878,7,1,1
NA,NA,99,9,99,99,416.0234,352.907,370.8934,10,99,9
12,4,1.1686,1,4,6,527.6832,495.5241,527.9435,10,5,0
16,4,0.212,1,0,10,459.6908,408.6869,390.2557,8,3,0
16,7,-0.3295,1,0,5,578.7288,568.5663,578.1006,6,6,0
16,6,1.1346,1,0,4,713.264,654.8473,657.7413,8,5,0
9,3,0.5498,1,0,5,590.7555,516.5306,578.9909,8,0,0
16,4,1.4904,1,0,10,445.8934,408.067,443.8781,99,10,0
16,3,0.9758,2,0,3,562.4944,494.6937,544.3609,99,10,0
16,2,-1.5074,2,99,99,324.3191,327.8297,325.5954,7,99,9
16,6,-0.5766,1,0,1,539.7295,477.3483,515.9488,5,3,0
16,4,1.0036,1,5,10,451.857,451.0398,500.1889,10,10,0
16,2,-0.4954,3,3,7,244.5874,293.2678,352.5055,10,6,0
16,4,0.8142,1,3,10,668.1346,554.087,588.7746,8,5,0
16,3,0.8069,1,0,5,474.194,373.6027,452.3749,8,7,0
16,7,2.3145,1,0,0,606.3282,599.7251,616.4658,9,10,0
16,6,0.7474,1,2,5,600.7419,584.6576,606.3064,7,3,0
12,3,-0.3948,1,5,10,336.1329,432.0285,379.4457,10,5,0
16,4,0.0526,1,0,5,530.286,436.6835,462.4784,8,5,0
12,4,0.8511,1,1,10,513.9117,499.5283,528.1275,6,5,0
16,3,2.0466,1,0,0,456.8826,456.0161,477.3609,10,5,0
12,2,-1.5619,1,5,10,529.8545,455.8506,512.0698,6,0,0
16,6,0.0198,1,0,2,720.4751,640.8676,697.4185,8,4,0
6,2,-0.9138,3,5,1,285.5096,327.4629,358.6472,8,3,0
12,3,0.8701,1,10,0,482.5827,440.8755,438.8336,99,10,0
16,4,1.1315,1,0,2,512.0554,461.906,539.0261,8,2,0
16,6,0.8511,1,0,2,635.2635,531.7614,532.0922,10,6,0
16,1,1.0726,1,0,10,562.8152,513.9546,586.0623,8,7,1
12,3,0.7374,2,0,3,604.6272,465.2363,521.1576,10,8,0
16,1,-0.8201,1,10,10,335.9554,330.456,379.2107,8,3,0
12,3,-0.3295,1,8,1,564.1846,510.975,523.0166,6,2,0
12,1,-5.0283,9,0,0,309.1949,310.6647,296.1638,5,0,0
14.5,NA,2.0077,1,6,4,544.715,385.438,472.0529,8,5,0
16,6,2.4896,1,6,9,470.2796,466.1051,467.5684,8,10,0
16,1,-0.3059,1,99,99,365.5576,386.3738,379.3158,7,99,9
16,7,0.1371,1,2,5,502.9303,481.8754,566.3269,9,3,0
16,3,1.2858,3,0,3,411.2234,459.6202,457.0386,9,8,0
16,3,0.5349,1,2,7,441.9532,474.9072,512.3733,10,8,0
16,4,0.4892,1,0,2,670.9846,570.7488,642.4106,9,2,0
12,3,-1.5195,1,0,10,418.7107,419.1142,402.5866,6,10,0
16,6,1.0147,2,0,6,445.7892,392.8582,402.1224,7,10,0
16,3,0.3311,9,0,1,474.5358,412.9476,408.5346,99,4,0
16,NA,1.516,1,0,10,512.2054,465.6683,529.3293,9,10,0
16,4,1.2831,9,0,7,571.8023,499.16,554.5017,99,7,0
12,4,1.0229,2,0,2,463.7643,433.5708,401.9335,7,0,0
16,7,0.7374,1,0,2,671.6081,574.1702,630.4676,8,4,1
12,3,0.0701,1,99,99,425.0755,411.8943,437.1862,9,99,9
16,3,99,9,99,99,277.4258,359.8328,308.9995,10,99,9
12,4,0.1305,1,0,10,527.4069,413.6008,502.4673,8,6,0
16,3,-0.2123,1,8,10,462.8394,574.3658,579.7241,7,0,0
9,2,0.5166,2,0,7,427.5913,390.4818,447.6968,99,2,0
12,2,-0.2248,1,0,5,519.2352,511.6771,498.8646,5,8,0
3,4,-0.2768,3,0,1,689.976,525.2917,607.1257,8,5,0
16,1,-0.2492,1,10,4,476.8433,458.1317,480.9137,10,10,0
16,2,0.5166,3,2,10,398.1018,439.6407,422.1545,4,10,0
16,3,1.2139,2,0,8,407.6038,423.3525,435.0192,99,1,0
16,2,0.4207,2,0,2,561.3708,469.9553,539.2138,10,5,0
9,3,-0.3588,1,1,0,503.9454,524.9309,509.8296,10,3,0
16,4,0.2801,1,6,2,546.5613,533.7446,560.1622,7,3,0
16,4,0.7159,1,3,5,690.9341,630.9076,738.7882,NA,5,0
12,2,-0.8339,1,0,0,544.8405,498.2285,540.5293,8,3,0
14.5,2,-0.6259,1,0,2,527.7356,540.7966,583.1428,9,3,0
NA,NA,99,9,99,99,477.8035,429.8294,466.0847,10,99,9
16,7,1.7078,1,0,10,577.0694,601.4969,572.0087,99,10,0
16,3,0.7374,2,0,5,665.5548,634.1393,718.0764,9,5,0
16,4,1.0491,1,0,10,477.7871,452.1489,452.9935,10,10,0
16,1,-1.9798,1,7,10,419.8932,325.9501,391.35,7,9,1
12,2,-0.8912,1,0,4,520.6524,454.4704,515.6056,9,5,0
16,2,-0.2986,1,99,99,416.5135,374.8572,379.09,7,99,9
NA,NA,99,9,99,99,428.2297,431.669,432.6428,99,99,9
12,2,0.8356,1,10,10,395.038,389.9173,407.7005,99,6,0
NA,NA,99,9,99,99,605.3255,574.4771,611.7227,10,99,9
12,4,0.034,1,0,4,504.4125,454.3927,581.9322,9,6,0
14.5,3,-0.102,1,0,5,589.0717,527.0622,627.4727,8,4,0
14.5,2,-1.0637,1,6,3,345.3532,330.3981,336.4272,99,4,0
16,3,0.0986,1,2,2,568.6786,561.8477,557.3524,7,1,0
16,4,-0.8929,1,0,10,534.0895,472.3473,570.7333,10,3,0
14.5,4,-2.1381,1,0,6,679.6045,576.2513,651.1119,9,7,0
16,4,0.6731,1,3,1,479.2086,414.9815,463.3977,8,6,0
NA,NA,99,9,99,99,569.8141,523.5447,537.266,6,99,9
16,3,-0.2027,1,0,6,587.2208,453.2952,543.226,9,3,0
16,3,0.2028,1,1,5,467.5251,414.614,477.4542,99,6,0
16,3,0.1428,1,0,0,441.3784,419.8261,433.0462,8,8,0
16,4,0.3344,1,0,6,549.7795,483.9818,526.9868,10,4,0
16,4,0.3924,1,0,2,473.4237,417.5483,501.5493,10,3,0
16,4,-0.5952,1,0,10,497.4479,449.1254,452.2685,8,6,0
12,4,0.183,2,4,5,391.3136,360.3883,348.1005,10,0,1
16,NA,1.4298,1,0,5,489.3532,465.9573,503.3915,99,0,0
16,4,-0.0826,1,0,10,439.8531,354.0627,392.5276,7,1,0
12,4,1.1864,1,0,5,637.1679,544.2394,627.6594,7,2,0
16,2,0.1506,1,8,9,406.8983,370.5228,416.6465,6,8,0
12,4,-1.6124,1,9,10,415.7145,347.971,354.6387,9,7,1
12,1,0.0717,1,10,10,345.9271,310.6642,399.6297,99,0,1
16,2,-0.0073,1,0,0,644.9845,573.6388,666.6353,9,2,0
12,2,-0.7236,1,4,3,381.5245,378.6897,410.6997,9,0,0
NA,NA,99,9,99,99,328.2798,332.428,331.0679,8,99,9
16,1,1.4393,1,0,2,519.2041,468.2727,519.3396,8,5,0
16,4,1.0664,9,0,5,569.6451,452.9835,533.7905,7,8,0
16,3,0.822,9,5,0,549.274,520.8016,569.3011,99,5,0
16,4,0.3592,1,2,7,535.5413,505.2625,544.7895,99,1,0
16,6,1.5683,1,0,4,493.045,449.3508,440.3263,8,7,0
NA,4,0.6543,2,0,7,586.8489,475.4354,523.351,8,4,0
16,2,-0.5168,1,0,0,517.6187,498.9115,480.0351,9,2,0
NA,3,-1.5522,9,0,0,405.9495,352.5568,364.334,99,0,0
12,1,-0.1622,2,0,5,335.6838,306.7296,309.3155,6,0,1
12,4,0.9412,1,99,99,410.133,421.7196,404.6601,10,99,9
16,6,0.0495,1,0,3,752.9532,628.8535,652.6383,10,4,0
12,2,0.0717,3,0,10,498.7313,403.2392,363.661,99,0,0
12,4,1.1192,2,0,1,394.6351,403.3668,316.1909,10,10,0
NA,NA,99,9,99,99,520.7863,448.8223,504.5077,NA,99,9
12,4,0.7641,1,0,0,515.4088,437.9117,504.6043,10,10,0
16,NA,0.3061,1,0,0,664.0704,616.0492,688.3132,10,5,0
16,4,0.1891,1,0,1,488.957,437.3112,433.1025,7,3,0
12,4,-1.8369,1,4,6,431.3669,364.7885,413.6094,7,10,0
16,3,0.1428,1,1,2,404.8815,423.5831,370.7428,9,6,0
16,7,-1.9664,1,6,7,322.1203,255.5457,332.3647,4,7,1
12,3,-0.0073,3,2,9,542.9398,521.878,612.9071,99,10,0
16,2,-0.6259,3,0,0,525.4168,497.7285,544.941,7,3,0
16,1,-1.5732,1,10,10,433.5556,476.4611,505.779,10,10,0
16,4,1.2571,3,0,4,615.5862,478.6882,515.0832,8,4,0
12,4,0.6833,2,0,6,515.8918,494.4211,589.347,9,3,0
9,2,-1.3235,1,0,9,398.6087,356.3033,369.505,8,4,0
16,4,0.2801,1,0,4,548.6559,523.1152,591.3119,9,2,0
16,NA,0.2146,1,10,10,340.3662,397.9674,371.746,8,10,0
12,2,1.5638,1,10,0,351.9858,362.1716,346.8307,8,1,0
12,1,-1.0637,1,0,10,390.3699,381.2655,408.7829,6,10,1
12,2,-0.3298,1,0,10,483.012,456.8859,498.9515,9,0,0
16,4,0.4042,2,0,5,562.6629,556.1556,596.6846,8,2,0
16,4,1.0285,3,0,2,485.6477,418.5786,479.7157,9,5,0
9,3,-0.7118,2,0,5,543.7312,533.6437,593.858,10,5,0
16,6,0.3381,2,99,99,482.1945,488.5881,497.051,99,99,9
16,NA,1.516,1,0,0,607.2495,548.3664,553.9296,8,10,0
14.5,2,-0.0775,1,0,8,371.9133,364.893,371.6918,9,2,0
12,1,0.0281,1,99,99,420.5083,396.4628,399.9939,9,99,9
16,2,2.8019,2,0,5,591.7379,465.0609,509.4889,8,5,0
12,4,-1e-04,1,0,6,592.3779,579.0939,643.9501,9,6,0
12,4,0.7641,2,0,10,365.8081,386.8466,398.5287,99,0,0
16,4,1.5182,1,0,10,471.927,448.0432,482.4344,9,0,0
16,7,0.5598,1,0,3,643.0998,620.7374,631.8147,5,5,0
9,NA,-1.0623,1,4,9,535.6724,453.9824,535.4803,4,2,0
16,6,0.4207,1,0,1,536.1645,538.2062,575.3253,10,3,0
16,2,-0.3003,2,0,2,539.235,453.3935,511.7449,9,4,0
9,2,1.9331,2,0,10,476.1604,436.7957,450.1486,8,5,0
9,2,0.4484,1,1,1,572.6235,496.1174,532.8795,7,7,0
14.5,1,1.4439,9,99,99,276.2486,312.2328,308.7703,99,99,9
16,2,-1.2703,1,0,0,605.6588,508.5981,555.7366,9,0,0
16,1,-0.3588,2,0,2,583.0683,517.0069,586.4329,10,4,0
NA,NA,99,9,99,99,369.3249,382.7659,385.9907,NA,99,9
NA,NA,99,9,99,99,681.7969,607.2897,666.3603,7,99,9
12,3,0.7159,2,0,6,520.5125,523.9236,547.8682,10,6,0
16,NA,1.1346,1,0,2,603.3612,548.3213,607.4116,99,4,0
16,2,-1.2304,1,9,6,248.074,274.925,279.6168,8,6,0
12,2,-0.8601,9,0,4,453.5757,437.9878,494.6528,10,2,0
12,4,-0.3973,1,0,8,508.7468,530.4625,532.2967,9,4,0
16,3,2.3358,1,0,6,458.8658,364.8432,424.7184,9,3,0
16,3,0.215,1,0,10,321.9289,385.7563,457.213,10,10,0
9,4,0.2473,1,1,10,442.9974,439.315,489.4088,7,4,0
16,7,0.6142,1,0,1,712.5567,642.7773,647.8496,9,2,0
16,6,-0.651,1,0,4,650.8029,628.7689,633.2325,8,3,0
16,7,0.5311,1,3,8,607.2055,557.9783,597.7748,8,8,0
NA,NA,99,9,99,99,562.2598,596.389,557.9087,8,99,9
12,1,0.1891,1,0,1,525.8222,525.6637,540.8815,8,4,1
12,2,0.104,9,99,99,448.141,417.559,425.6768,8,99,9
16,3,2.1102,1,99,99,459.0301,451.1673,445.4711,10,99,9
NA,NA,99,9,99,99,310.7883,320.4554,331.3005,NA,99,9
12,2,-0.2082,1,0,3,471.0653,478.414,510.4761,99,0,0
16,4,0.7235,1,0,2,505.2085,502.9892,554.7829,8,6,0
16,6,0.3628,1,2,10,459.8864,486.342,521.2628,9,2,0
16,NA,-0.6205,1,10,6,468.8373,419.8985,471.2968,7,6,0
NA,3,1.0194,2,0,4,387.6222,358.0841,401.6701,7,0,0
16,1,-0.5887,1,4,6,630.3437,515.7387,576.6711,10,9,0
NA,NA,99,9,99,99,394.658,420.0816,412.7777,10,99,9
12,4,-0.3291,1,0,4,645.8419,519.7993,629.5864,7,5,0
16,3,0.2368,1,1,3,598.0252,645.2171,686.4525,9,6,0
NA,NA,99,9,99,99,569.5264,525.782,579.5402,NA,99,9
12,3,-0.0381,1,0,2,603.3404,575.3938,658.9809,7,0,0
16,4,0.8486,9,4,1,481.3245,438.8725,460.6194,7,4,0
12,1,-0.6259,1,0,1,478.1766,448.2746,480.3716,7,0,0
12,3,0.5406,1,4,8,569.5009,494.3573,532.4821,7,9,0
12,2,-0.8106,1,99,99,405.6364,371.3715,407.2007,5,99,9
NA,NA,99,9,99,99,554.3621,524.1563,535.0869,NA,99,9
NA,NA,99,9,99,99,460.1999,399.2264,438.4958,99,99,9
12,2,-0.4673,2,0,1,419.0921,368.2765,357.247,99,0,0
12,4,0.1891,1,0,8,557.5801,498.6069,508.4853,7,8,0
16,3,1.2503,1,0,5,443.6084,427.5338,456.112,8,2,0
12,1,-0.5434,1,4,5,265.2946,392.1452,384.1218,4,3,1
16,3,0.3371,1,0,6,448.9666,399.4085,451.3343,9,10,0
16,7,2.7816,9,1,1,551.6448,580.1648,606.5252,10,5,0
6,3,-1.4258,2,4,0,554.5704,492.4019,580.0442,8,3,0
16,6,0.8768,1,0,0,473.7344,509.1821,522.3979,8,8,0
14.5,1,-0.4482,1,1,3,496.432,485.2522,520.2329,7,4,0
16,NA,0.232,2,0,0,546.7611,494.3515,581.7514,10,4,0
16,2,-0.3003,1,0,10,480.3106,441.6877,457.6286,10,0,0
16,3,0.6377,1,99,99,431.2091,385.9104,395.676,9,99,9
16,NA,1.1551,1,0,9,665.7357,500.9651,628.4805,9,4,0
16,4,-0.0073,3,0,8,417.9858,393.636,433.8603,8,5,0
16,1,-0.6259,1,5,8,419.3354,460.3199,522.9972,8,5,0
14.5,NA,0.3371,1,0,4,668.9103,494.1571,619.9023,7,1,0
NA,NA,99,9,99,99,515.0335,495.4562,514.5433,NA,99,9
16,4,-0.2962,1,4,6,395.2033,366.4201,339.7131,99,8,0
6,3,0.1883,2,0,0,581.4929,462.1039,518.2765,8,5,0
6,3,-0.6,2,0,4,383.163,370.1488,444.4873,7,5,0
12,3,0.4946,1,0,2,484.0871,470.9274,510.8751,9,10,0
16,4,1.0285,1,0,5,697.5138,659.8471,728.1244,9,5,0
16,2,1.2777,3,0,0,486.6389,416.5342,424.5207,8,5,0
16,4,1.5585,1,0,2,517.2323,491.794,558.3744,8,8,0
12,1,-0.0717,1,0,3,381.2914,405.9371,414.912,8,3,0
16,2,-0.9169,2,0,1,599.4111,585.2553,582.2477,7,10,0
16,3,1.0592,3,0,1,396.1787,386.9974,429.4362,8,7,0
NA,NA,99,9,99,99,529.3418,492.2092,530.0428,99,99,9
14.5,4,0.4668,1,2,2,543.7752,403.7528,465.1977,8,6,0
16,NA,-0.5527,1,0,10,514.8291,440.1924,472.2061,6,6,0
16,2,-1.2226,1,0,10,581.3038,478.952,564.5737,10,2,0
16,NA,0.1135,1,0,2,623.3942,550.1686,683.0853,10,4,0
12,4,0.8069,1,0,0,379.238,410.6854,369.8687,99,9,0
16,3,-1.9812,2,10,10,287.7811,340.5236,330.475,99,10,0
NA,NA,99,9,99,99,522.6804,458.1639,497.5286,NA,99,9
12,2,0.7641,1,0,9,495.4458,434.0246,489.5546,10,7,0
16,4,0.6543,1,0,1,608.917,577.656,569.0174,10,5,0
14.5,NA,0.3344,1,0,0,440.0792,405.6943,467.8852,8,0,0
12,4,1.4779,1,0,4,406.9706,398.7389,413.0396,10,2,0
16,2,-1.7465,1,6,5,278.0794,294.3106,335.5299,7,5,0
12,4,0.2412,1,0,0,505.2977,487.0145,518.5769,99,2,0
NA,NA,99,9,99,99,479.7331,470.0461,487.9315,7,99,9
12,4,1.002,1,0,0,507.4327,403.7037,443.0997,8,6,0
16,NA,1.1728,1,2,3,652.3747,616.2678,626.5234,9,5,0
16,NA,0.4207,2,0,2,642.9113,588.1557,667.0351,9,1,0
16,7,1.6159,9,4,5,251.657,272.9325,276.6259,99,6,1
16,4,1.2422,1,0,5,559.8245,449.0514,473.5299,8,6,0
12,4,0.4729,3,2,0,685.6011,621.3872,642.2353,10,3,1
16,2,0.7815,1,0,5,559.0228,467.6457,545.7207,7,0,1
16,4,0.9211,1,0,3,555.6017,539.2141,578.0395,10,6,0
16,NA,0.7159,2,0,3,677.2384,690.2353,690.157,10,5,0
NA,NA,99,9,99,99,625.7565,568.6155,622.7386,NA,99,9
12,4,-0.6348,2,0,0,548.2115,501.3266,540.7904,9,4,0
14.5,4,1.3033,1,9,5,486.8132,437.3126,516.8357,10,4,0
12,3,-0.1888,1,0,4,539.7757,622.3918,677.7067,9,1,0
12,2,-1.2723,1,3,1,503.9555,447.5451,447.2963,7,2,0
16,4,0.2181,1,0,7,715.0612,593.768,693.8043,9,5,0
14.5,3,-0.102,1,2,0,555.3785,479.0741,565.2735,8,5,0
12,2,-0.8753,1,5,10,487.1549,452.921,427.409,8,3,0
16,4,0.1525,1,0,2,619.2439,671.4532,639.7576,99,4,0
12,4,0.7159,1,0,6,550.4411,457.6494,535.8557,99,8,0
16,NA,0.8222,1,0,10,465.6806,439.4747,519.6602,10,5,0
16,2,1.2963,2,99,99,342.8089,340.7752,346.2501,99,99,9
16,4,-0.1496,2,99,99,488.6594,396.6613,432.8443,99,99,0
16,3,-1.1374,1,0,0,295.2657,364.7772,333.2946,8,5,1
12,3,0.9964,1,0,2,639.6023,556.5965,602.4989,8,0,0
16,4,0.4946,2,0,2,469.7839,493.306,441.4452,2,4,0
12,3,0.2412,1,4,0,552.125,521.5509,558.7304,10,2,0
16,4,0.4042,2,4,10,562.3479,536.5881,586.2637,99,5,0
16,4,-1.0792,1,0,10,582.787,566.3983,663.1535,99,0,0
16,2,-1.0895,3,2,6,229.0563,295.2912,305.026,99,10,0
16,NA,-1.0959,1,0,10,541.1095,472.7517,535.1554,6,5,1
12,3,-1.7172,3,0,5,437.8889,399.4668,411.4152,7,2,0
16,6,1.253,1,5,5,328.887,349.7923,438.6345,1,5,0
16,4,-0.2576,1,0,1,405.4026,404.8224,401.8396,9,2,0
14.5,3,1.3868,2,99,99,450.6763,438.1017,440.2735,8,99,1
16,3,0.5224,1,0,4,493.5426,416.3479,468.6947,8,8,0
16,NA,1.4904,1,0,0,512.4421,593.8608,599.3498,8,0,0
12,4,-0.7865,2,10,10,448.044,399.8577,422.8443,8,10,0
16,4,0.7975,1,10,10,412.3781,403.6354,454.5745,9,2,0
16,4,2.0814,1,0,1,404.5012,491.5611,439.9401,8,10,0
16,4,0.4756,1,0,3,615.6044,623.8929,637.3673,8,6,0
16,6,1.034,1,0,6,438.2654,446.4381,516.0092,9,10,0
12,3,-0.5434,1,0,2,290.5677,337.8732,308.594,6,0,1
12,3,-0.3003,1,0,3,379.3612,369.0305,445.9601,7,0,1
12,3,-0.1496,1,0,2,582.0772,452.6477,550.2888,99,6,0
16,7,0.3325,3,99,99,314.5447,336.8352,289.8426,9,99,9
16,4,0.3344,1,0,0,477.4661,484.4228,525.651,8,4,0
16,4,0.3924,1,2,2,392.8388,428.6379,457.852,4,0,0
9,2,0.7641,2,0,5,667.2308,599.63,672.6032,7,2,0
16,NA,-2.9167,9,6,4,288.7584,310.1805,341.7064,7,2,1
12,3,0.0065,1,99,99,353.7855,311.6055,330.1507,9,99,9
16,3,0.0987,1,0,0,398.639,401.5039,430.6251,6,0,0
16,4,0.4484,1,4,0,448.9101,424.4981,426.016,8,3,0
12,2,-0.3792,2,0,3,547.5041,475.2931,540.2252,9,0,0
12,2,-0.1083,1,0,9,531.5546,497.1923,568.3079,99,0,0
16,1,-0.3003,1,0,10,420.5004,416.464,416.2125,8,1,0
14.5,2,-0.8741,1,0,10,371.4935,302.2272,381.3311,4,4,0
16,NA,-0.0574,1,0,5,675.5651,633.3424,687.3235,8,9,0
NA,NA,99,9,99,99,415.2843,443.1979,431.2072,9,99,9
16,NA,1.5576,1,1,1,265.6941,322.7709,312.1847,99,2,1
NA,NA,99,9,99,99,570.4975,493.9161,535.8106,NA,99,9
16,6,-1.3013,1,0,4,539.3775,462.0675,536.8978,7,10,0
16,7,4.1742,1,0,10,534.189,531.0338,584.1344,10,10,0
14.5,NA,0.8272,1,0,2,375.739,377.2345,403.669,8,4,0
14.5,2,-0.1622,1,0,1,601.5121,496.7026,563.6648,99,1,0
16,4,2.5844,1,0,10,578.5928,519.5345,575.2012,9,5,0
16,3,0.3016,1,99,99,374.0081,393.0701,419.0926,9,99,9
9,3,-0.0082,2,0,5,540.4846,368.2388,479.5311,10,6,0
12,1,0.8452,1,99,99,415.7291,398.7516,403.5105,8,99,9
NA,NA,99,9,99,99,520.9846,483.0123,510.9442,8,99,9
12,3,0.5869,2,0,3,654.7461,544.7124,704.2907,9,5,0
12,4,0.8734,1,0,0,542.847,504.6217,516.7838,8,7,0
9,2,1.4276,3,0,0,312.0088,344.3218,296.1338,99,0,1
12,3,-0.0136,1,0,3,542.6119,440.0688,502.4262,99,6,0
9,3,0.5291,1,0,6,477.8276,425.9124,425.2983,8,9,0
12,1,-0.7631,1,0,2,430.2803,387.8684,385.1846,8,2,0
12,7,1.1605,1,1,2,574.8115,504.5153,567.883,9,1,0
12,2,-0.3732,1,0,1,418.5136,360.2174,408.119,99,3,0
12,6,-0.651,1,0,3,603.1975,559.4107,599.2634,8,2,0
12,4,0.1305,1,3,10,411.5193,417.6374,455.0769,9,3,0
16,4,-0.3792,1,0,10,363.19,402.5117,407.3816,7,0,0
16,NA,1.6136,1,0,2,601.6788,576.5914,668.5258,9,0,0
16,2,0.5224,1,6,2,299.2095,277.9334,262.9138,99,7,0
NA,NA,99,9,99,99,511.058,475.0317,504.803,10,99,9
14.5,3,0.1352,1,0,10,595.1449,509.3114,590.1839,10,10,0
16,NA,-1.1856,1,0,6,616.007,605.4403,674.9755,8,0,0
16,3,0.7159,1,0,10,529.4276,490.3828,512.0808,9,10,0
16,NA,0.66,1,0,10,622.9067,582.8425,625.0918,10,10,0
16,4,0.9035,1,2,2,590.8965,574.3813,619.0363,10,8,0
16,3,0.4207,3,0,0,607.2537,612.0609,629.4551,4,8,0
12,3,0.4764,1,0,3,536.2262,515.03,557.4698,10,1,0
16,4,0.4042,1,0,4,559.0553,459.1767,515.7298,8,4,0
12,1,-1.5578,1,0,4,367.4958,344.0522,322.5044,7,4,0
12,2,1.2777,2,0,2,538.1434,427.9911,450.1816,5,4,0
16,4,0.6324,1,0,5,574.924,599.079,593.0883,6,0,0
16,4,0.5423,1,3,5,466.5337,447.2681,484.668,8,4,1
16,3,1.438,1,5,1,469.9866,405.7979,462.1099,4,7,0
16,3,-0.102,1,0,5,585.4758,472.9946,525.4911,9,6,0
12,1,-0.9103,1,6,6,460.7741,467.9167,478.5112,9,2,0
12,2,1.2625,1,0,5,415.3929,381.0577,424.9364,8,0,0
16,1,-0.0145,1,3,3,411.7792,345.8788,347.3384,8,4,0
16,4,1.6298,1,0,8,414.5046,458.7488,520.4641,8,8,0
16,4,1.2952,1,6,10,489.0998,433.9339,437.3122,10,10,0
16,4,0.8511,1,2,5,634.2209,564.1949,589.2765,9,3,0
16,2,1.1217,1,5,2,464.2372,376.2317,403.9033,6,2,0
NA,NA,99,9,99,99,359.4457,426.1224,425.2277,8,99,9
16,6,-0.9215,1,0,4,569.9967,527.1662,615.2442,8,0,1
12,6,0.626,3,0,4,630.8558,556.9548,601.1675,6,8,0
12,4,-1.0786,9,0,1,589.0851,551.421,586.8246,8,1,0
16,NA,0.1428,1,0,9,535.2522,524.8468,562.1309,8,8,0
16,4,1.6781,1,0,0,444.0823,434.6489,424.6453,99,7,0
16,3,1.5413,1,10,10,335.2355,379.243,365.0507,9,10,0
16,3,0.2181,1,0,4,491.3532,461.6945,548.0087,10,8,0
12,NA,0.0463,1,7,10,442.2073,390.8303,375.4859,10,9,0
16,NA,0.5224,1,4,10,548.1121,512.433,550.511,10,8,0
16,3,0.8771,1,0,0,544.1931,497.3026,521.7244,8,10,0
16,4,0.4222,2,0,1,629.9527,629.7135,644.3967,2,3,0
3,1,-1.8303,9,0,5,414.7101,435.8931,426.2978,8,2,0
14.5,2,-0.2158,2,0,3,425.8886,388.2025,396.3837,7,2,0
16,NA,0.232,1,0,5,526.0549,394.1759,506.5855,9,5,0
16,2,-0.7123,1,10,10,361.6797,368.5257,374.2637,8,0,0
9,NA,0.4668,2,0,0,669.7914,561.1857,686.5283,10,0,0
9,NA,-0.5191,2,6,1,532.7385,416.3906,486.6242,8,8,0
12,3,-1.0243,2,6,8,524.0612,431.4026,589.2663,7,4,0
3,1,-1.4458,2,10,0,456.4591,448.3801,466.1927,10,0,0
14.5,3,1.3033,1,0,5,547.6034,541.0223,620.0014,9,3,0
12,1,-0.0136,1,8,9,386.7713,333.621,363.2594,6,0,0
16,1,-0.8884,1,0,10,447.4812,407.038,449.3649,6,0,0
14.5,4,-0.6785,1,6,10,382.9738,492.2318,513.1859,9,1,0
16,2,1.2777,1,1,6,536.9486,509.3058,538.9837,10,4,0
12,2,-0.9804,9,2,10,627.4992,514.4414,602.8213,8,0,1
14.5,4,0.3399,1,99,99,535.4982,551.4021,559.1518,2,99,9
9,1,-0.6495,1,5,5,311.0247,303.095,291.5708,8,5,0
16,3,0.8086,1,3,4,401.3821,371.705,401.4732,7,0,0
12,3,1.1343,1,0,10,564.835,572.3275,637.7651,8,0,1
NA,2,-1.7465,9,99,99,332.2014,353.8968,368.8134,7,99,0
16,2,0.1458,1,0,0,405.9232,355.8191,346.5482,7,6,0
12,2,0.4203,1,0,10,538.525,460.0328,497.4974,10,4,0
16,6,0.66,1,10,10,311.4008,341.167,276.4687,6,10,0
16,NA,-0.0073,1,0,2,504.3017,490.1538,573.6395,7,10,0
12,3,0.6565,1,0,8,600.4163,476.3789,503.1364,10,10,0
16,1,0.9155,1,10,10,293.1016,353.0339,381.3151,99,0,0
16,NA,0.2657,1,10,10,504.7009,541.7163,613.0915,8,0,0
16,1,-0.4067,2,0,10,669.4266,648.674,729.9674,9,10,0
16,1,0.1366,1,0,9,456.6818,396.6987,410.2682,9,7,0
9,1,0.0463,2,0,10,368.4186,324.519,273.5424,7,6,0
12,3,1.5532,1,0,6,449.2175,480.4128,519.9172,9,3,0
12,3,1.8818,2,0,5,266.2461,291.6401,246.4331,10,5,1
12,2,0.1545,1,0,10,547.9237,469.7185,526.8514,99,2,0
16,NA,-0.4301,1,0,0,548.9796,460.7818,508.436,8,0,0
12,3,0.4721,1,99,99,285.1446,272.6134,297.2082,1,99,9
16,6,-0.0276,1,1,10,723.6454,687.2347,714.5322,9,4,0
16,6,1.2602,1,6,0,518.8591,514.4334,530.4322,8,0,0
16,6,1.6552,1,4,2,490.0463,531.9158,547.8068,9,1,0
16,6,0.2028,1,0,5,706.0682,631.3529,724.7426,8,2,0
16,2,-0.769,1,1,2,523.214,525.4738,590.7742,8,2,0
12,4,-0.7047,1,6,8,396.0806,319.8478,373.1196,99,6,0
6,4,-0.0073,2,0,0,489.2373,487.9165,495.4413,7,4,0
16,3,-0.102,1,0,5,509.4777,477.5032,537.3096,10,0,0
12,2,-1.118,9,0,10,443.7799,400.8503,450.9188,99,9,0
16,6,2.1975,1,1,1,610.7316,545.933,561.5848,8,5,0
16,6,0.8771,2,1,0,587.1357,542.6969,581.7881,8,8,0
16,3,0.6703,1,0,8,549.0702,517.7568,514.843,8,5,0
12,3,0.1891,1,0,0,594.4864,614.5928,671.9272,7,2,0
6,2,-1.386,2,9,3,330.4845,367.072,309.8742,1,1,0
14.5,4,-0.318,1,99,99,448.6537,424.8632,454.6467,9,99,9
12,4,0.4389,1,2,6,479.5032,508.1421,529.146,10,8,0
12,1,0.0262,1,0,3,406.338,418.5465,449.7864,9,0,0
14.5,3,1.4637,1,0,2,476.3276,441.7981,470.3871,10,4,0
16,6,-0.9088,9,8,7,207.1767,312.7327,276.9626,5,6,0
12,3,3.7408,1,0,1,516.0795,444.7871,507.2651,10,3,0
16,2,-0.2865,2,0,0,308.6285,346.6073,258.9723,5,2,0
6,4,-0.1769,2,0,10,625.392,479.3781,564.7143,6,5,0
16,NA,-0.8746,1,0,0,421.428,401.9388,396.7438,7,4,0
6,2,-0.3297,2,0,10,539.9923,454.5542,534.286,8,6,0
14.5,3,-0.8198,2,0,0,518.7402,401.8427,419.0595,7,5,0
16,3,-0.5351,1,3,3,676.8587,626.9377,670.2157,6,1,0
12,2,0.0903,2,0,6,386.6195,325.2899,392.5182,6,6,0
16,4,0.5102,1,0,0,606.0005,599.7269,636.0965,8,4,1
16,3,1.1343,1,0,2,615.491,623.717,672.4915,9,1,0
14.5,3,-1.4998,1,0,10,458.4996,368.7645,474.0945,9,10,0
12,4,-0.0073,1,0,4,418.5501,402.7759,452.5774,10,3,0
NA,NA,99,9,99,99,376.9652,353.798,369.1675,10,99,9
16,7,0.8768,1,0,0,696.7142,596.9475,675.7961,10,7,0
12,NA,1.438,1,0,5,669.0385,615.7696,682.9997,9,5,0
16,4,1.5788,2,0,2,658.9395,564.9882,637.3635,9,10,0
16,3,1.4731,1,0,10,392.2259,373.9907,442.6696,9,10,0
16,2,-0.1622,2,0,10,454.5482,431.7555,482.176,8,10,0
9,3,0.4343,2,0,0,491.4743,511.8983,568.7185,99,3,1
14.5,4,0.6055,1,0,10,395.1926,388.5101,416.4944,8,0,0
16,3,1.6041,2,0,0,578.3303,471.1331,480.4804,10,4,0
12,2,0.5166,1,0,2,548.6466,518.41,561.173,9,9,0
16,1,0.5432,1,99,99,456.933,463.9955,459.9337,9,99,9
16,1,-1.3085,2,99,99,275.2965,315.0549,279.4139,8,99,9
16,4,0.1428,2,2,0,506.9714,529.452,557.0361,6,2,0
16,4,-0.1795,1,0,2,606.3323,464.946,535.7398,7,6,0
16,2,-0.6658,1,3,5,423.9524,380.712,431.4698,8,4,0
14.5,2,0.8886,1,0,10,520.7469,445.5663,501.5684,99,10,0
12,1,1.1605,1,1,2,458.1482,453.7522,540.2672,8,0,0
16,4,0.2773,1,0,0,362.0905,430.9264,427.7314,8,8,0
16,4,1.6041,1,0,3,553.4074,563.8047,531.1135,7,5,0
16,2,-1.4515,1,0,0,383.61,388.2931,441.4444,99,2,0
16,NA,2.9866,1,0,8,456.9939,494.7224,462.6838,5,0,0
16,3,0.3762,1,0,0,464.9529,466.7208,487.9783,6,10,0
16,NA,1.619,1,0,0,605.9358,540.5595,548.1416,7,2,0
6,2,-0.8205,2,0,2,553.0251,450.6337,535.9079,7,4,0
12,4,0.4664,1,0,5,498.9312,410.9644,472.3448,8,0,0
16,NA,1.2831,1,0,0,629.704,614.4282,645.8121,9,3,0
12,4,1.4126,1,0,5,480.067,436.1789,433.6103,10,5,0
16,NA,2.4907,1,0,4,494.4354,501.1438,588.5013,8,0,0
12,2,-0.6259,1,0,10,492.8509,418.6228,463.7425,8,2,0
16,6,1.8562,1,0,7,486.8048,445.5589,453.3901,9,6,0
16,6,1.2082,1,3,8,448.9938,428.7903,481.2027,7,3,0
12,2,-1.2294,1,8,4,555.5792,523.9001,611.3201,8,2,0
16,6,0.7159,1,0,2,650.6185,566.537,600.8767,8,8,0
16,3,1.7864,1,0,0,363.5479,351.4223,318.5484,9,10,0
NA,NA,99,9,99,99,605.9898,573.0192,576.1816,8,99,9
14.5,2,-0.7659,1,4,5,444.7683,467.5775,419.374,10,6,0
16,7,1.1605,1,3,1,607.0181,507.4057,550.3518,10,6,0
9,2,-0.6878,3,0,3,334.2329,380.2288,352.0621,7,4,1
12,NA,-0.0082,1,0,1,520.6331,477.2278,468.894,10,6,0
12,4,0.2412,1,0,7,496.2547,425.5343,497.6356,9,0,1
NA,2,0.4664,9,99,99,375.4829,441.4943,469.4581,NA,99,9
12,2,-1.1413,2,0,4,548.9765,448.4232,512.2605,8,7,0
14.5,2,0.7159,1,0,10,643.4692,526.4883,548.1923,10,2,0
12,2,0.6887,1,6,2,473.2291,470.2968,507.9047,8,4,0
16,3,0.1891,1,0,10,293.7443,308.8797,290.607,99,6,0
NA,NA,99,9,99,99,537.091,539.3505,550.4539,8,99,9
16,2,-0.6,1,0,10,485.0268,415.4302,409.8305,7,6,0
16,1,-0.6205,1,0,6,448.9482,359.3922,393.0141,8,6,0
12,2,0.0463,1,0,0,452.4751,398.2336,427.293,10,1,0
16,NA,-0.1622,1,0,7,596.9398,585.8456,643.2599,9,5,0
16,3,-0.6999,9,0,7,379.7891,345.8943,388.6241,5,4,0
9,4,0.5612,1,1,3,537.6243,495.052,541.903,10,3,0
14.5,3,0.4207,2,0,0,706.7951,690.9576,664.4295,7,4,0
16,3,0.3596,1,0,5,602.6542,492.1782,537.9274,7,0,0
12,4,-0.0045,1,99,99,387.5693,360.9968,379.7309,10,99,9
12,1,-0.4896,1,0,7,403.1578,345.1973,305.0039,6,0,0
16,NA,0.8856,1,99,99,507.703,473.1645,486.4222,10,99,9
16,2,-1.1565,1,5,5,412.9279,341.4119,355.8185,7,3,0
16,NA,0.495,1,0,10,538.9755,502.208,564.8338,7,10,0
9,1,-0.3132,1,99,99,342.0302,322.3413,339.0214,10,99,9
16,4,-0.1622,1,1,2,483.6553,519.1319,560.9804,10,4,0
NA,NA,99,9,99,99,465.3508,458.6497,447.6249,NA,99,9
16,4,-0.2137,1,4,0,572.0324,578.4917,633.7797,9,2,0
16,2,-0.1832,1,6,8,396.5402,328.4889,311.4389,10,8,0
12,2,-1.2839,3,2,6,500.1958,492.0588,541.2192,9,10,1
9,3,-0.873,2,0,1,291.2634,283.569,269.7818,10,3,0
16,3,-0.3003,1,0,5,454.7903,444.5022,494.5113,8,4,0
16,3,0.1891,1,0,2,473.5029,404.7179,414.4079,8,4,0
16,2,-0.3527,1,0,10,525.0398,482.9785,475.9976,6,5,0
12,3,0.3924,1,4,9,471.5436,397.7798,398.6957,8,4,0
16,3,-0.4482,1,0,5,535.7254,491.8585,560.3678,9,2,0
12,NA,-0.7025,1,0,5,438.3092,415.3394,468.8066,7,0,0
16,4,1.0187,2,2,2,291.4968,266.2725,312.8036,9,4,0
12,2,-1.2967,9,8,10,367.733,370.6979,413.1785,9,4,1
16,6,0.1597,1,0,10,579.7387,572.5752,567.8379,99,5,0
16,4,1.0546,1,10,8,493.9795,449.3693,477.2943,8,4,0
16,NA,1.8125,1,0,2,600.4901,621.7774,587.7695,7,4,0
12,3,-0.3295,1,0,2,524.6129,474.3835,529.9546,9,2,0
12,4,0.3879,1,0,10,581.5273,510.8062,543.2987,9,8,0
16,2,1.1315,1,10,7,392.7401,392.6517,422.8833,8,10,0
16,2,0.7374,2,0,0,389.4887,342.1563,398.4341,7,4,0
14.5,4,-0.9169,9,0,6,484.1544,435.7663,508.9018,9,4,0
14.5,3,0.4484,1,0,10,558.7239,459.3495,530.4452,10,8,0
12,2,1.2939,1,0,1,379.3542,344.4577,371.3757,99,4,0
NA,NA,99,9,99,99,597.31,607.119,598.6725,7,99,9
16,4,0.0156,1,1,1,470.6041,398.9598,443.2729,5,1,0
16,4,-0.2595,1,0,5,541.8961,535.1317,565.1313,10,6,0
16,4,1.2602,1,0,3,666.5586,590.7132,616.2355,9,3,0
16,2,-0.0073,1,10,5,342.6496,353.928,361.7547,6,2,0
16,4,1.3033,2,9,5,376.463,384.1752,381.1185,6,7,0
12,NA,-0.9561,2,0,0,507.2847,415.6686,468.0934,99,5,0
16,2,-0.0645,3,0,0,435.6051,354.7862,361.5625,10,8,0
14.5,3,-0.8423,2,4,6,587.0646,570.4091,632.9203,7,10,0
16,6,1.4904,1,0,3,622.9077,558.2764,563.9002,8,4,0
16,4,1.1813,1,0,10,641.8734,535.098,614.8646,9,2,0
16,6,1.5936,2,0,2,592.4524,541.2932,535.7238,9,8,0
14.5,6,0.3924,1,0,4,564.0439,522.1991,570.3549,9,8,0
16,NA,0.5869,1,0,0,668.2347,601.6412,606.9828,10,5,0
12,1,-0.7159,2,2,7,280.485,266.4747,280.9112,99,0,0
16,4,0.7159,1,0,10,573.38,570.3521,624.4724,9,4,0
6,2,1.2491,2,0,10,348.5943,294.5849,304.2473,10,6,1
16,3,0.4222,3,0,0,391.192,315.5837,353.847,8,7,0
12,2,1.2139,2,0,10,401.3372,372.1447,374.3575,8,4,0
16,4,0.0796,1,0,0,511.6824,483.5203,507.0823,9,5,0
14.5,3,-0.3003,1,3,0,524.5878,489.7863,479.4721,99,5,0
16,4,0.7159,1,4,0,605.4664,562.9132,591.1025,5,0,0
9,3,0.2657,1,0,5,586.3105,586.2522,613.9704,8,0,0
16,3,-0.0073,3,0,3,517.942,508.4232,493.2488,8,5,0
16,3,0.4426,1,0,1,572.5569,546.1539,575.6192,9,4,0
9,2,0.2028,9,0,6,456.9441,418.8792,406.8863,9,8,0
16,7,0.5869,1,1,0,552.1306,532.2428,557.3344,6,3,0
16,3,0.3924,2,0,0,537.0243,494.7781,554.3885,9,6,0
12,2,-0.6495,1,99,99,382.3582,319.4773,373.8715,9,99,0
12,3,-0.0073,2,0,0,505.4328,406.8749,442.5272,10,10,0
NA,NA,99,9,99,99,322.7263,356.3034,365.3091,99,99,9
16,4,0.8062,1,4,7,530.4103,504.9872,541.2273,8,10,0
16,3,0.9602,1,3,7,512.2582,462.7372,466.7115,99,8,1
16,4,1.1728,9,99,99,439.5268,504.7241,477.0897,7,99,9
12,3,-0.7551,9,0,10,551.5641,414.1222,459.8628,9,9,0
16,2,-1.2786,1,4,4,305.1846,298.3116,257.6323,99,6,0
12,4,1.7308,1,2,6,500.2888,486.6661,517.0315,5,1,0
16,6,0.4207,2,0,4,713.0452,670.7351,712.7332,7,6,0
12,2,-0.5351,1,0,3,559.2281,482.9108,532.3102,99,4,0
16,4,1.7333,1,0,4,652.0578,579.7176,630.3641,99,3,0
12,2,-0.6259,9,0,0,547.5865,452.942,522.6992,9,6,0
16,4,0.2412,1,1,9,561.8156,467.6241,605.2305,99,3,0
16,3,-0.651,2,0,3,488.7148,530.9064,552.2449,8,4,0
12,2,0.781,2,0,3,489.2713,373.8028,424.7188,7,4,0
16,NA,1.4347,1,0,6,495.9489,428.388,534.5848,99,6,0
16,3,-0.6375,2,0,3,480.9463,384.4268,495.9007,10,2,0
9,1,-2.9855,2,0,10,445.7982,391.6006,431.4099,10,5,0
16,NA,1.1346,1,0,2,696.1922,636.0569,679.8971,7,3,0
14.5,2,1.4353,2,0,2,507.9241,460.8003,501.8617,8,5,0
16,4,0.934,1,0,5,660.7789,517.3509,644.4226,9,5,0
NA,NA,99,9,99,99,491.957,511.4317,516.6606,9,99,9
16,1,0.5764,1,0,10,346.5715,300.8996,348.2263,99,8,0
16,4,0.2596,1,0,0,524.4183,497.2659,575.9192,10,2,0
12,2,0.0547,2,0,5,340.1508,400.4107,362.7887,9,2,1
9,1,-0.2336,9,0,0,338.2514,310.6506,341.9104,5,1,0
16,4,-0.4301,1,3,10,523.4078,435.0348,492.162,10,9,0
9,NA,0.7641,2,0,0,528.8274,470.1281,503.4766,7,0,0
16,3,-0.3588,1,0,0,524.2809,455.8207,517.8448,9,2,0
16,4,0.8511,2,0,5,631.7491,621.8647,622.5184,99,5,0
16,3,0.4265,1,0,0,580.3499,579.9126,595.6466,9,2,0
16,6,0.3762,2,2,3,630.9329,576.7882,615.6286,99,8,0
14.5,1,-0.102,1,0,2,509.3189,490.9429,553.521,7,4,0
12,4,-1.0092,1,3,6,553.6606,396.1153,522.9649,5,0,0
16,1,-0.9912,1,0,8,542.7762,479.566,522.4574,8,9,0
12,4,0.4484,9,0,10,566.9177,421.4703,538.4495,9,8,0
12,3,1.1084,3,0,10,381.8143,402.3065,435.7416,99,10,0
16,4,1.4247,1,4,2,480.934,392.1298,462.5418,8,2,0
12,2,-0.0164,1,0,3,483.9217,485.8959,522.6336,9,1,0
16,4,-0.3295,1,3,5,505.9037,540.1211,500.2091,7,4,0
16,4,-0.4067,1,0,2,578.8228,529.8391,529.4174,8,6,0
NA,NA,99,9,99,99,522.1215,521.8903,524.8199,8,99,9
16,4,3.7685,9,0,10,296.494,334.5394,343.8044,7,0,0
16,NA,1.818,3,0,6,635.3639,612.3622,682.4167,9,8,0
16,2,0.1259,1,0,10,449.1517,430.0241,475.1464,99,2,0
14.5,4,-0.6885,1,0,6,651.4825,563.2773,632.0019,10,6,0
12,2,1.8053,2,99,99,323.8177,336.5076,353.5843,7,99,9
12,2,0.2124,3,0,0,340.9986,326.4963,337.62,8,5,0
12,4,1.3033,1,3,2,611.7533,539.2693,550.9298,10,6,0
3,2,-0.8017,2,0,7,346.1912,390.8011,373.9556,NA,4,0
16,4,4.1742,1,0,0,536.1301,520.8406,548.4567,10,4,0
12,4,0.1428,1,0,0,437.5979,343.0412,432.5073,6,2,0
16,6,0.5598,1,1,4,656.8947,532.5503,622.2226,99,5,0
NA,NA,-1.7227,9,8,3,298.0852,367.6556,368.3681,99,3,0
12,3,-0.7825,2,0,10,618.9518,555.5864,647.0704,7,5,0
16,NA,0.4668,1,2,3,566.422,508.6345,582.3631,99,2,0
9,2,-0.8787,2,2,7,527.2973,501.2004,475.3901,9,7,0
16,4,0.1891,1,0,3,651.8487,572.9397,601.7574,10,5,0
16,4,0.6987,1,0,2,608.5067,520.3369,635.3284,9,5,0
16,NA,-0.3003,1,1,1,639.0119,505.1981,557.7495,10,4,0
12,4,2.3358,1,3,3,454.3846,374.3936,433.0392,9,2,0
12,2,-0.6745,1,0,6,391.8122,361.9154,376.3957,10,6,0
16,3,0.8272,1,0,5,551.3409,519.1515,528.7288,99,5,0
16,3,0.5326,1,4,0,478.307,437.8608,514.2075,10,10,0
16,4,-0.8252,1,0,0,575.2603,609.2982,665.7814,8,2,0
12,3,-0.7631,1,0,10,480.0585,419.2097,417.9492,8,10,0
12,NA,-1.0185,1,4,5,579.7648,536.3473,573.9111,7,6,0
12,2,-0.8383,1,0,0,426.9127,355.9071,352.4196,9,1,0
16,7,1.3006,1,5,10,494.1969,386.1106,434.9207,7,6,0
16,4,0.66,1,0,1,649.9292,633.0258,680.7095,9,1,0
NA,2,-1.2984,9,99,99,419.7961,367.51,385.1282,7,99,9
NA,2,-0.3059,3,99,99,332.6278,311.1879,321.21,8,99,9
16,4,0.4756,1,0,4,532.9689,507.5124,532.5096,8,0,0
16,NA,1.5385,2,0,2,656.2499,599.2576,637.9929,8,7,0
NA,NA,99,9,99,99,533.6979,460.0825,512.1027,NA,99,9
16,6,0.232,1,1,1,634.2573,541.3015,586.9264,4,3,0
16,4,0.5349,1,2,3,562.2551,525.9287,605.9393,7,8,0
16,NA,1.8846,1,0,1,660.1882,670.0623,713.8369,8,3,0
12,NA,0.0837,1,3,0,616.252,549.4196,588.0402,10,0,0
16,3,1.5638,1,0,0,449.4206,440.0185,479.3976,99,10,0
16,NA,1.4583,1,0,1,619.9712,551.564,622.8443,6,5,0
16,4,2.2766,1,0,1,431.6655,410.5223,475.7787,4,3,0
14.5,3,0.2181,1,0,0,594.9695,551.8877,588.0161,9,6,0
12,2,-1.2529,1,0,0,414.4556,382.4856,393.6047,7,0,0
16,NA,0.1512,1,0,6,374.053,474.3702,387.3655,10,2,0
14.5,4,-0.6458,1,0,0,676.5716,596.9682,686.0993,9,2,0
12,NA,-0.7865,1,2,1,516.7067,404.6746,421.1709,7,0,0
16,3,-0.0073,1,0,3,568.9429,514.6933,562.8548,9,4,0
12,NA,0.52,1,99,99,447.5496,447.0123,410.3851,10,99,9
12,4,1.5465,1,0,0,484.0647,411.8953,505.3596,99,10,0
16,4,1.4247,1,0,0,627.3483,601.708,649.8348,99,4,0
16,NA,-0.6458,1,0,10,420.1902,374.2255,485.0734,10,10,0
NA,NA,99,9,99,99,512.4569,464.0153,509.2196,NA,99,9
16,NA,1.0646,1,0,5,693.7829,602.2394,649.1283,7,7,0
16,4,-0.0331,1,0,2,727.7235,622.6271,690.2389,8,8,0
16,6,1.5734,1,0,6,545.5953,505.1425,539.8809,9,0,0
16,4,-0.5191,1,0,3,587.1096,497.0171,554.9857,9,4,0
16,4,0.1514,1,0,7,493.155,487.968,539.7442,8,2,0
16,7,-0.1795,1,1,3,599.3642,550.9187,574.5971,7,4,0
12,2,2.4238,1,10,10,438.2729,452.1801,464.4614,7,10,0
16,6,-0.6026,1,4,9,675.855,616.78,621.5862,9,10,0
12,2,0.8272,1,0,1,453.5729,411.4243,423.7965,8,6,0
12,NA,-1.3426,1,0,5,547.9778,545.0683,552.1276,9,5,0
12,NA,0.4207,3,0,4,646.5647,565.1491,606.4359,9,6,0
16,4,0.1428,1,0,4,657.0374,565.0559,611.66,8,4,0
16,2,-0.4242,2,0,10,465.4339,435.2228,367.1234,7,9,0
16,3,1.0229,1,10,10,419.2272,413.6726,438.4888,10,1,0
16,2,0.0198,1,6,0,328.8559,352.6185,366.2643,1,0,1
16,NA,1.0891,1,4,8,509.227,401.2904,479.6065,7,6,0
16,6,0.1592,1,2,2,664.4746,669.994,665.5874,9,4,0
NA,NA,99,9,99,99,557.1938,547.0082,558.6084,8,99,9
12,2,0.5166,1,0,10,455.8065,403.4774,401.7237,10,8,0
12,1,0.0229,1,0,0,486.503,391.0028,511.1712,8,2,0
16,1,-0.1189,1,1,2,357.5002,354.0634,337.9395,99,0,0
14.5,NA,1.6041,1,0,2,466.4201,417.1767,482.0681,7,0,0
16,NA,-0.1795,1,0,6,599.7555,543.5826,524.4261,10,8,0
16,3,1.7333,1,0,2,422.4599,371.1051,398.8191,99,10,0
12,1,-0.8776,1,99,99,519.8256,521.4709,520.4837,7,99,9
16,2,1.1315,1,0,0,442.7256,413.2837,469.3065,8,0,0
16,4,0.3051,1,1,0,654.1462,585.0334,635.3041,8,6,0
9,4,0.3311,2,4,4,557.4237,464.2158,474.9685,9,3,0
NA,NA,99,9,99,99,519.2224,443.5999,511.7295,99,99,9
16,3,0.2429,2,99,99,334.4772,335.4658,356.3293,9,99,9
16,2,0.4403,2,99,99,352.2986,382.3031,378.766,8,99,9
12,3,-0.1449,1,0,7,454.1632,415.4734,545.3508,10,10,0
14.5,2,0.8356,1,0,10,349.5049,377.0006,366.0867,9,2,0
16,NA,0.8511,1,1,5,688.3469,653.3141,674.6989,8,8,0
14.5,NA,0.2756,1,0,5,583.0471,462.0546,488.7259,10,10,0
12,4,0.2424,3,0,4,371.6473,346.4573,375.1944,8,10,0
12,1,-1.1428,1,0,0,395.6103,341.3112,395.658,6,3,0
12,3,0.1891,1,0,0,449.5189,410.6692,399.353,6,2,0
12,NA,1.2656,1,0,3,559.492,504.1857,583.021,99,2,0
16,6,1.5612,1,0,10,414.3002,367.3156,473.9145,99,2,0
16,1,-0.6233,1,2,0,483.2801,381.6713,425.1711,7,6,0
16,NA,-0.6458,1,0,2,618.1585,572.9903,576.6999,9,5,0
16,3,-0.4278,1,0,0,475.217,428.8516,474.4631,6,0,1
14.5,4,1.5706,1,8,2,445.9701,516.9269,517.7807,9,0,0
16,4,1.002,1,2,0,524.4475,501.4969,505.4705,99,7,0
12,4,0.743,1,10,2,583.2694,507.0469,574.8325,9,2,0
16,4,-0.3003,1,0,9,526.7077,426.4337,473.4875,10,6,0
12,3,0.996,2,99,99,312.4308,315.1511,326.9313,9,99,9
12,3,0.7215,1,0,10,432.1452,335.2452,389.1746,5,10,0
12,3,-1.1521,1,3,0,292.1823,267.2921,296.5095,8,4,0
16,7,1.4678,1,10,9,363.7147,376.7949,374.2915,99,6,0
16,4,-0.0683,1,0,0,633.4029,535.3161,640.3805,9,3,0
16,NA,3.0882,1,5,5,398.1274,561.1081,537.9979,10,5,0
16,4,1.2777,2,3,2,541.2589,607.0951,604.1583,8,3,0
12,3,0.3333,2,1,0,537.7606,475.3358,521.8963,8,5,0
16,1,-0.2875,1,1,0,370.9122,352.8569,381.4057,6,0,0
14.5,7,0.1296,1,2,7,605.9766,516.4586,607.4489,10,10,0
16,NA,0.034,1,0,5,660.9638,580.2122,628.6538,9,10,0
16,4,0.8486,1,1,5,561.1824,514.5844,560.1446,6,7,0
16,NA,2.5036,1,0,0,692.0253,632.0813,658.449,10,4,0
16,3,-0.6709,1,0,0,461.7589,448.0436,457.0445,9,8,0
16,1,-1.0112,3,2,10,326.016,324.7198,350.4199,2,4,1
12,4,1.3502,1,0,3,457.7424,448.398,457.6795,10,5,0
16,NA,1.8125,2,0,0,666.7389,622.0135,667.5543,99,6,0
12,2,-0.0826,1,0,0,461.1725,418.7215,483.9688,8,3,0
16,1,-0.5827,3,99,10,307.1053,341.3136,268.9676,8,10,0
16,1,1.2777,1,10,10,436.5372,463.2373,448.8248,8,10,0
16,4,-0.7654,2,0,10,575.3352,625.8366,643.1884,7,10,0
NA,NA,99,9,99,99,504.7966,511.2905,523.8131,7,99,9
9,2,-1.3707,2,0,4,391.3597,415.5447,419.1968,7,8,0
16,4,0.2607,1,0,2,715.3557,591.5778,663.4058,8,4,0
16,6,0.9688,1,3,10,667.9316,617.1041,691.8562,8,8,0
16,NA,0.511,1,0,6,560.319,564.2468,603.1864,7,4,0
16,4,3.2037,1,0,0,559.0351,548.927,537.6399,8,2,0
12,2,-0.5584,1,0,3,636.7627,596.1501,656.2712,8,2,0
12,2,-1.0015,1,1,4,338.8273,337.9507,312.1772,10,7,0
12,2,1.1199,2,99,99,359.0253,334.3195,325.8958,8,99,9
NA,NA,99,9,99,99,519.8167,471.3485,528.6395,8,99,9
16,2,1.002,1,0,0,523.1262,469.6474,509.3977,9,5,0
16,6,1.2481,1,0,0,599.7956,602.7717,593.4853,99,7,0
12,2,-2.0686,1,2,8,415.2567,343.006,445.9285,10,8,0
16,7,0.3762,1,3,0,618.9017,528.521,614.499,6,4,0
16,NA,1.1397,1,0,2,530.0306,552.6965,607.3692,99,1,0
12,1,-1.6846,1,10,3,473.9141,399.1071,441.1517,8,0,1
16,4,1.136,1,6,5,367.8547,327.1415,373.9682,6,2,0
16,NA,-0.7631,1,0,10,449.7663,324.9977,373.8006,99,7,0
12,2,-0.6709,1,3,3,579.9025,504.5715,558.8008,9,0,0
16,NA,0.4207,2,0,0,620.675,569.9037,637.0353,99,10,0
12,4,-1.441,1,0,0,541.7059,471.3526,634.4042,9,0,0
16,3,-0.2067,2,5,5,411.2522,393.8653,468.3967,7,6,0
12,6,0.1724,2,2,5,631.5054,530.0408,590.796,9,4,0
16,1,-1.2733,1,0,10,318.8704,352.5901,335.359,5,0,0
12,3,-1.0173,1,0,2,537.9635,452.1754,540.9172,7,4,0
12,2,-0.5567,2,0,2,688.379,621.5308,643.509,8,2,0
16,NA,0.3427,1,0,0,612.3423,556.8073,621.5956,9,5,0
16,NA,0.4892,1,99,99,276.8858,314.7417,316.7149,99,99,9
16,4,-0.6903,1,0,0,490.0947,470.111,476.489,10,0,0
12,2,0.4946,1,0,1,346.5038,333.9302,307.8833,10,0,0
9,4,0.6316,1,99,99,357.3274,378.1946,375.2233,7,99,9
16,NA,0.9155,1,0,9,535.8803,510.2862,536.8043,9,8,0
16,3,0.7871,2,0,8,532.0347,502.321,536.9501,10,5,0
16,6,-0.3003,1,0,1,646.0682,600.8222,643.3279,9,5,0
9,1,0.7017,1,6,8,385.7284,321.9651,313.3923,9,8,0
14.5,2,-0.3295,2,0,4,582.7169,465.6032,502.9374,8,6,1
16,NA,0.4042,1,0,1,592.4254,504.2955,558.0669,5,2,0
16,6,1.7255,1,0,5,469.7405,444.9041,460.7838,7,5,0
16,4,0.9789,3,4,5,358.2341,322.6643,367.1853,4,10,0
9,4,0.2473,2,0,10,437.0795,368.5055,391.4111,5,6,0
12,1,0.3507,1,0,0,413.1953,446.9739,436.068,9,4,0
12,3,-0.0826,1,0,0,493.1887,400.7738,520.7654,9,0,1
12,2,0.3311,1,2,10,521.4334,452.4014,535.6697,9,0,0
16,3,1.2046,1,1,0,502.6783,419.3335,458.9783,10,0,0
16,4,0.4729,1,10,10,295.9878,365.5162,346.1642,6,0,0
14.5,3,-1.2979,1,0,0,541.1404,485.4464,516.2095,10,8,0
16,2,1.3024,1,0,0,349.4976,379.6769,307.6301,10,8,1
9,NA,-0.1622,2,0,8,394.4259,426.2444,419.1083,8,2,0
14.5,4,-0.1805,1,0,5,629.9475,605.1732,641.7331,9,3,0
16,2,-0.3003,3,0,0,601.8727,565.7283,573.2022,8,3,0
16,4,1.5931,1,99,99,405.6061,362.1948,391.9764,10,99,9
16,NA,-0.3588,1,6,10,554.756,539.4398,558.2882,10,10,0
16,3,-1.0597,1,0,2,441.3259,367.5869,475.3006,9,6,0
NA,NA,99,9,99,99,649.0323,579.1671,632.5067,NA,99,9
12,3,0.4934,1,0,4,459.0192,462.607,504.9532,99,0,0
12,2,-0.3876,1,0,5,378.9324,352.9276,348.3091,8,4,0
16,2,0.8062,1,0,10,507.6806,530.9452,572.9128,9,8,0
3,2,1.3547,2,0,4,504.8533,466.941,551.6559,8,6,0
16,3,-0.0574,1,0,7,545.8206,513.2175,550.9674,99,7,0
16,6,0.8948,1,3,3,681.8225,610.1283,652.1572,9,7,0
16,NA,1.8466,1,4,0,616.4779,486.7955,586.667,9,2,1
16,1,-1.2528,1,0,0,377.1746,323.0356,369.8299,7,4,1
16,4,-0.132,9,0,5,598.3091,568.9313,612.3051,7,8,0
14.5,2,0.4484,1,0,4,660.6126,597.7194,671.3213,99,2,0
16,4,0.7159,1,1,7,519.1843,521.7649,551.6879,10,5,0
12,2,0.4207,2,0,10,590.7375,520.3602,569.4091,99,3,0
16,3,1.4929,2,0,0,608.7867,543.7729,600.3274,7,0,0
NA,NA,99,9,99,99,586.418,541.3879,593.967,NA,99,9
16,6,0.5624,1,0,9,549.2849,488.3508,456.2788,8,6,0
16,NA,-0.0381,1,0,6,563.8359,551.1834,556.3192,7,6,0
16,6,-0.132,1,0,2,452.1841,550.5771,536.338,6,2,0
16,3,0.5432,1,99,99,382.2929,352.1887,340.2563,7,99,9
12,2,-1.1719,9,0,3,531.6016,570.7645,566.649,6,1,0
16,3,1.1605,1,0,0,551.4143,503.0173,600.6853,8,8,0
12,2,-0.2075,1,0,1,443.6533,368.1113,372.32,8,2,0
16,1,1.2962,1,0,0,479.7484,406.6626,513.1072,5,3,0
16,7,0.7159,1,0,4,539.7976,601.4947,539.9639,8,4,0
16,4,0.5166,2,5,8,427.6417,430.6444,474.4284,8,8,0
16,7,0.7003,1,0,2,738.7647,682.9702,761.4014,8,3,0
14.5,NA,0.9758,1,4,0,493.0646,406.5371,498.4244,4,3,0
12,1,-1.1051,1,0,10,469.9821,373.5991,457.4221,7,4,0
14.5,2,1.0932,9,9,5,459.44,389.3474,416.398,99,2,0
16,4,0.7866,1,2,4,469.196,392.5503,429.0767,8,8,0
14.5,2,-1.2411,2,0,1,602.3355,500.3479,503.8598,10,5,0
16,4,-0.3001,2,0,0,571.6623,582.3213,610.6231,10,4,0
16,2,0.5797,2,99,99,284.952,340.5166,330.2987,9,99,9
16,NA,0.8511,1,0,1,692.5087,669.463,709.5819,9,9,0
16,1,0.4293,9,4,10,329.3053,297.1574,304.3507,99,5,0
16,NA,0.9758,1,0,0,683.6014,631.005,680.9054,8,7,0
16,2,-0.1632,1,0,10,383.3411,375.5992,376.6704,9,0,0
16,4,0.898,1,0,3,603.5548,612.0978,644.8763,8,5,0
16,NA,0.3457,1,0,4,560.1148,556.9179,553.3323,7,3,0
16,2,0.7288,1,3,3,558.6733,545.3609,593.0685,10,5,0
12,2,-1.1582,9,2,10,383.155,408.4322,389.615,9,1,0
12,3,0.5453,1,0,10,579.7246,421.4303,496.6863,8,2,0
16,4,-0.8725,1,4,1,502.3892,445.1427,497.0415,8,0,0
12,3,0.7213,1,8,8,388.7934,341.4386,415.1027,99,8,0
12,4,1.3198,1,0,3,395.3761,455.1348,449.0631,8,2,0
16,3,-0.8421,1,0,5,270.4444,305.47,364.0505,99,0,0
16,NA,0.2607,1,0,10,640.5521,531.8472,614.1489,10,10,0
16,4,-0.7605,1,2,0,677.3953,547.088,648.9257,8,7,0
16,4,1.5422,1,99,99,389.1101,396.7927,409.2536,8,99,9
16,4,1.0023,2,0,0,665.561,552.9494,578.785,5,6,0
12,3,-0.2271,1,0,0,570.4881,469.5671,541.3392,7,1,0
12,4,0.1458,2,3,5,365.0502,328.0931,324.1089,10,2,0
16,6,2.6126,1,0,1,588.1494,541.1338,560.9616,9,4,0
14.5,4,1.2503,1,0,6,544.7677,481.9078,529.0729,9,10,0
12,3,-0.0073,1,0,4,515.2366,426.0768,484.7692,9,6,0
9,3,0.4946,2,0,5,562.286,517.9019,545.4361,9,5,0
16,1,0.5806,1,10,0,335.2856,329.0423,356.3098,6,0,0
12,4,0.5282,1,5,3,477.8972,487.5679,538.9426,99,10,0
16,1,0.8269,3,5,6,241.2357,293.6939,228.6079,8,4,0
14.5,NA,-1.064,2,0,2,754.1026,628.4001,677.4693,8,5,0
14.5,4,-1.3885,2,0,7,651.3221,535.6537,677.8481,10,6,0
16,3,1.0664,1,8,8,510.7198,509.3915,538.4649,10,2,0
16,7,2.0199,1,0,0,734.4531,557.3904,639.1587,9,7,0
16,6,1.438,1,0,0,464.0807,473.0135,492.9642,9,4,0
16,4,-0.8271,1,0,9,296.3919,340.0228,328.0464,10,8,0
16,NA,0.9358,1,0,0,600.4231,591.4817,637.5697,10,6,0
NA,2,0.4613,9,99,99,400.0017,362.8161,390.8923,10,99,9
16,NA,-0.0375,2,0,0,555.6429,537.5597,601.0678,9,6,0
12,NA,1.2599,1,3,8,665.7756,563.5447,689.7221,7,10,0
16,3,-0.8091,2,0,3,561.5927,543.4837,570.31,8,4,0
16,3,0.4484,1,0,6,515.2496,454.8187,458.6796,6,6,0
9,3,1.0357,1,0,9,477.5456,438.6124,494.799,7,6,1
16,3,-0.3003,1,0,1,612.8284,617.5919,620.4925,6,3,0
16,4,0.5869,1,1,4,585.2635,601.9796,690.9981,10,3,0
16,2,0.66,1,2,0,369.3602,304.8956,315.3257,10,4,0
12,3,-0.3752,1,99,99,402.7515,405.3177,408.6701,7,99,9
9,3,-1.7465,2,9,10,238.59,294.844,258.1159,6,10,0
16,4,-0.8273,1,99,99,365.8011,340.2058,339.179,8,99,9
14.5,NA,-0.8741,1,0,4,643.0393,553.6532,594.9475,7,10,0
16,NA,0.3085,1,0,8,505.7194,472.0306,511.8605,9,4,0
NA,2,-1.7236,2,0,0,463.3333,405.1062,493.1749,8,0,0
16,3,-1.2236,1,0,0,656.6297,571.7063,652.5389,8,3,0
9,1,-0.9475,2,0,7,544.3325,494.2199,530.6977,5,0,0
14.5,4,-0.0877,1,0,4,554.2881,476.1273,556.2213,8,2,1
12,NA,0.2657,1,6,3,458.5226,440.3364,517.0273,10,6,9
16,4,0.6731,1,0,9,664.4483,604.0787,672.2292,99,5,0
12,3,-0.1622,2,2,5,494.4677,405.8965,483.8451,99,1,0
14.5,4,-0.0736,1,0,0,646.2937,554.1284,654.711,8,8,0
16,2,0.4484,1,10,0,414.3391,469.4267,434.5615,10,10,0
12,6,0.7159,2,0,2,637.8522,593.5266,646.5304,9,3,0
16,6,1.2602,1,0,3,539.1826,463.32,529.1213,9,5,0
16,1,-0.6852,1,2,8,289.8708,382.3885,318.6172,10,4,1
16,4,1.7864,1,9,0,483.8225,481.3234,484.0983,10,0,0
16,1,-0.9092,1,10,4,437.2035,434.6876,434.8889,7,0,0
12,2,-0.8945,1,0,0,411.1531,386.3909,392.4961,NA,0,0
12,4,0.8006,1,5,2,411.7073,413.0419,367.8052,8,99,0
16,6,2.2514,1,1,3,356.1958,383.5826,376.8562,9,4,0
12,4,-0.102,1,0,7,694.4367,686.9152,763.698,9,6,0
12,4,-1.0112,1,1,0,682.6276,610.965,668.1313,10,7,0
12,4,-0.1496,1,0,0,465.6914,444.8315,468.0209,10,3,0
12,4,0.0171,1,10,10,446.674,400.3468,410.0578,5,0,0
16,2,1.0229,2,0,6,543.3521,535.4252,552.2115,10,10,0
16,6,-0.4067,1,1,2,734.8436,685.819,677.1881,8,10,1
16,6,-0.0268,1,99,99,535.4026,525.7317,545.444,9,99,9
16,6,0.4383,1,0,4,509.5531,549.4909,578.2498,8,1,0
12,2,1.5638,1,4,3,564.1252,472.886,468.5853,7,5,0
12,4,-1.365,3,0,2,656.0681,543.8542,610.7886,8,7,0
12,3,0.5349,1,4,3,364.4867,439.5187,431.009,7,4,0
12,2,-0.1799,1,4,2,452.7466,440.3064,471.8449,99,4,0
12,NA,1.4904,1,0,10,496.1194,535.9398,554.1996,10,8,0
16,3,1.0229,1,0,5,523.0927,410.9955,489.1496,9,7,0
16,3,-0.6925,1,6,10,449.4176,389.97,460.3095,9,4,0
14.5,4,1.5936,1,0,3,618.0133,560.5407,630.7531,10,10,0
16,NA,-0.1795,1,0,1,552.4643,490.9921,527.9776,99,4,0
NA,NA,99,9,99,99,428.4233,397.6479,436.5781,9,99,9
9,1,0.0666,2,0,6,275.4375,313.5538,305.9275,8,1,0
16,2,0.2473,2,5,2,466.7885,442.5633,449.0404,8,0,1
16,4,-0.0073,3,0,5,547.0886,475.3908,554.4509,9,7,0
16,3,-0.5988,1,10,10,465.7365,482.3088,557.7441,9,1,0
16,7,-0.8787,2,0,0,550.3632,495.0201,490.0878,8,10,0
16,6,-0.3295,2,0,2,592.8909,547.5537,601.5283,10,9,0
16,6,0.8511,1,0,2,780.0662,695.5651,742.9006,8,10,0
NA,NA,99,9,99,99,557.8671,570.9159,578.7984,NA,99,9
12,2,-0.7305,1,0,10,469.2464,421.6912,471.7977,8,4,0
12,2,-0.8021,1,8,10,490.6287,526.133,521.7198,9,10,0
16,3,-0.5225,2,0,1,574.1243,513.1982,551.5683,8,7,0
16,NA,-0.3059,1,99,99,302.7352,326.8134,321.4545,10,99,9
16,4,0.6875,1,0,10,609.0693,562.6898,607.9571,8,2,0
16,NA,1.0668,1,10,6,468.942,558.3963,540.215,NA,6,0
NA,4,-0.8339,1,4,0,446.5904,334.9335,448.1147,9,2,1
16,6,1.0849,1,4,6,524.6627,532.3602,607.7918,10,10,0
12,6,1.5585,1,0,2,406.7218,392.9279,399.1957,6,1,0
16,4,-0.0595,1,0,3,549.4517,453.4485,531.2216,7,4,0
12,1,-0.843,1,3,4,560.4133,467.5104,538.2753,7,4,0
16,4,-0.004,1,3,5,513.3662,413.0771,467.5272,NA,3,0
12,4,-0.3588,1,0,5,469.5641,437.8209,457.0764,10,8,0
16,NA,0.6327,1,0,7,657.5281,600.3921,653.0734,7,10,0
16,3,1.1026,1,0,0,511.2616,480.8791,529.4883,8,2,0
16,4,-0.5558,1,0,4,494.2204,392.7269,485.2669,8,7,0
6,4,1.0229,2,0,2,660.9243,608.4785,664.539,7,1,1
16,2,0.6293,2,7,8,430.0856,422.4011,419.3658,3,5,0
12,4,0.3344,1,0,10,599.0927,442.2942,560.6202,8,3,0
16,4,0.7159,2,0,5,702.5624,646.8641,708.2376,8,7,0
16,2,1.1591,9,5,5,407.5691,416.334,438.7709,99,9,0
16,NA,1.0285,1,0,2,718.2074,604.4144,656.9751,10,5,0
12,4,-0.3001,2,0,5,680.4827,622.3958,637.7076,8,5,0
16,4,3.3037,1,99,99,467.3206,456.8488,447.313,6,99,9
16,3,-0.3588,1,6,10,579.0624,561.4199,639.4817,9,10,0
NA,NA,99,9,99,99,394.1006,372.9393,380.016,99,99,9
14.5,3,0.1428,1,0,0,481.4232,420.3477,442.2916,9,8,0
16,3,0.3344,2,0,2,674.5984,584.9387,647.7297,7,8,0
14.5,4,-1.1413,1,0,2,634.9632,509.7555,640.5329,8,7,0
16,3,-0.2812,1,0,0,372.1819,438.2779,486.3466,9,4,0
16,3,1.1454,1,3,8,461.751,362.0513,374.4907,9,8,0
12,2,-1.0153,1,4,5,505.6547,407.4302,384.5071,99,4,0
9,3,-1.9403,2,0,3,455.5637,447.319,477.0898,8,1,0
12,3,0.7604,2,0,0,521.6945,433.4599,518.2512,7,0,0
16,2,0.5224,1,0,0,466.4899,455.7253,523.2783,8,0,0
12,NA,2.8738,1,10,10,517.1586,433.487,431.3675,9,2,0
14.5,3,-1.2678,1,0,7,458.5439,363.4843,442.7218,7,4,0
16,NA,0.4484,1,5,2,603.048,577.1517,633.8306,9,0,0
16,NA,2.2821,1,0,0,489.0196,469.5621,454.6492,10,10,0
16,NA,-0.4463,1,4,3,550.0289,525.8049,557.7835,9,4,0
16,3,-0.8047,1,0,6,478.4454,469.3284,545.8207,10,6,0
9,2,-0.1969,1,0,9,480.9166,445.7369,518.904,9,5,0
16,6,0.8787,1,0,4,565.3902,558.2098,528.0902,99,6,0
16,3,-0.9221,1,4,0,573.0061,446.2253,521.6675,6,0,0
12,1,-0.6259,1,4,4,590.6974,521.129,503.3425,99,2,0
NA,NA,99,9,99,99,609.8719,531.0245,568.18,NA,99,9
NA,2,-0.9554,2,99,99,470.8321,437.3228,442.882,8,99,9
12,3,-0.7431,1,0,0,452.0564,369.3592,430.6207,8,0,1
16,7,1.6446,1,0,3,734.1806,684.1459,720.0693,8,4,0
16,4,0.9758,9,0,0,487.0126,516.2964,561.58,8,3,0
9,3,0.8276,2,0,6,506.5253,494.7194,509.7984,7,3,0
12,1,-1.5522,1,8,6,487.0676,435.7789,462.9671,7,0,0
12,2,-1.2944,1,0,0,453.2694,437.1979,459.7875,9,1,0
16,3,0.6586,1,0,10,622.3357,563.8595,605.5556,9,3,0
16,3,1.0229,1,0,0,447.3886,393.9332,408.6433,8,4,0
9,2,-1.0843,2,0,10,315.2037,307.6773,324.5817,99,0,0
12,1,-0.102,1,0,5,387.9358,345.7356,406.7851,99,5,0
9,3,-0.8639,1,0,9,397.8497,379.3478,400.7991,7,8,0
12,3,-0.102,1,0,2,443.6238,341.4407,398.2961,7,3,0
16,4,-0.0574,1,0,0,621.8916,655.1748,583.403,9,5,0
12,2,0.5224,1,0,0,465.8249,410.0597,471.5722,99,7,0
NA,NA,99,9,99,99,386.2312,416.7861,431.0981,NA,99,9
16,6,0.8245,1,0,5,647.64,628.3333,624.3945,8,10,0
16,4,0.4207,2,0,10,644.9722,652.6844,678.3571,10,10,0
12,2,-0.3404,3,99,99,424.5056,358.6199,390.375,9,99,9
16,3,-0.716,1,0,9,544.4736,511.6167,528.9909,8,0,1
16,2,0.7159,1,0,4,613.5619,518.4185,596.0156,8,0,0
16,4,1.0409,1,0,0,593.0443,484.3767,536.7921,8,4,0
14.5,NA,-1.5052,9,99,99,424.3741,384.6722,424.5995,8,99,9
16,6,0.3061,1,0,0,648.5589,554.9688,573.3996,7,3,0
9,NA,-0.1083,2,0,7,442.3711,441.2671,477.5891,99,7,0
16,4,0.5598,2,0,0,726.9723,678.4799,713.3954,8,6,0
14.5,4,0.183,1,0,5,742.144,616.6501,704.3234,8,6,0
16,3,0.0981,1,4,1,452.6129,391.9205,450.364,9,6,0
16,4,0.394,1,99,99,505.9662,476.0704,515.4072,9,99,9
16,4,-0.81,2,10,4,504.4775,456.5163,454.1804,99,2,0
16,4,0.169,1,0,9,600.5842,527.5246,588.4758,7,3,0
12,4,0.3284,1,1,3,506.4,489.5769,510.2305,5,2,0
12,4,1.9458,2,0,3,666.6633,565.5252,622.9687,9,10,0
12,3,-0.4174,1,0,0,684.1456,556.3936,590.9424,10,5,0
12,4,0.7427,1,5,10,601.6888,498.7435,581.4801,8,10,0
16,6,0.9035,1,0,0,749.5099,647.5949,718.3714,9,6,0
16,2,-0.5139,1,0,5,492.9275,456.8303,522.5216,9,0,0
16,4,0.1583,1,2,2,624.0606,497.1164,607.1937,8,6,0
12,4,-0.4746,1,5,5,364.6611,336.1908,311.4094,7,0,0
16,6,0.2292,1,0,2,559.9566,532.3055,529.9146,7,6,0
16,2,0.3222,1,2,7,489.5938,464.722,465.3416,7,3,0
12,7,-1.5071,1,10,0,543.2336,450.1889,538.8676,10,0,0
12,2,1.7096,9,0,0,409.0812,439.6267,439.7278,9,5,0
16,1,-0.5184,1,0,0,318.2163,315.7805,361.3688,9,0,0
16,3,-0.3466,1,0,4,527.4642,474.3019,520.3482,9,6,0
16,2,0.7159,1,6,6,565.5413,558.8957,583.3131,9,6,0
16,4,0.4484,1,0,2,587.2392,548.7309,576.3811,9,8,0
12,2,0.2607,2,0,1,559.9707,434.8091,547.6568,7,5,0
16,4,2.2514,1,0,5,583.6186,519.9367,515.8833,99,5,0
12,2,-0.618,2,0,6,518.0428,412.8598,504.03,10,7,0
16,3,-0.9179,1,3,5,373.992,481.4496,533.9961,99,0,0
12,1,-1.4118,2,0,0,647.9565,588.8657,604.3937,10,0,0
16,7,1.2342,1,5,10,658.9978,573.3533,650.3325,8,5,0
16,NA,-0.5622,1,0,0,716.7997,622.0228,733.1305,9,2,0
16,4,-1.4111,1,6,6,636.4551,587.8793,624.1809,9,7,0
16,NA,0.5349,1,0,2,458.4499,451.2359,524.3217,9,7,0
12,NA,1.0049,1,10,10,496.4785,392.0511,467.1468,8,0,0
14.5,2,0.7797,1,0,10,429.7569,358.6419,438.9604,8,4,0
12,1,-0.7715,9,0,0,485.996,370.5602,412.7476,8,6,0
16,4,0.2292,1,0,5,628.2452,523.0731,562.5287,8,3,0
16,NA,1.4583,1,0,10,495.2297,495.3429,486.1678,7,10,0
14.5,4,-0.102,1,0,3,536.5424,477.1179,488.2412,8,2,0
12,NA,0.1428,1,0,5,553.9586,455.4083,536.8931,10,8,0
16,NA,0.1967,1,0,0,440.699,406.1567,396.9194,9,5,1
12,4,2.0755,1,0,3,409.1131,348.0044,354.4089,8,1,0
12,4,-0.6458,1,5,10,585.8377,571.077,677.9907,10,5,0
12,3,-0.8565,1,0,0,510.2097,513.1007,572.4375,8,0,0
12,4,-0.6,1,0,5,729.8577,610.4501,661.587,10,3,0
16,6,-1.1393,9,0,8,616.6226,604.6541,661.3544,9,4,0
NA,3,-0.0722,2,99,99,480.8243,491.4804,581.1458,7,8,0
16,3,0.2578,1,0,2,625.2053,498.7507,553.408,9,3,0
12,7,1.0646,1,0,1,662.2509,644.1191,681.619,99,4,0
16,6,0.7159,1,0,9,462.6281,417.7318,499.6754,9,8,0
16,1,1.5107,1,0,10,464.2451,367.0359,375.4373,7,7,0
16,6,2.1683,1,0,2,639.5186,465.755,523.4556,9,2,0
16,7,1.0107,1,0,0,748.8446,668.41,686.8596,8,10,0
12,1,0.0291,1,99,99,367.2247,366.622,362.0643,99,99,9
12,4,-0.8741,1,0,3,645.29,602.6798,547.0582,8,5,0
12,3,0.4522,1,0,10,538.1882,477.4454,550.5405,8,5,0
16,4,0.3924,1,1,1,649.3918,684.4953,712.4733,9,4,0
16,7,1.9267,1,0,10,636.6102,537.7274,578.6378,9,2,0
9,2,-1.8601,1,10,4,379.1997,413.3632,415.9705,99,0,1
9,3,-0.7123,3,0,10,519.7179,465.2224,460.0268,7,10,0
12,NA,0.544,1,4,10,623.7946,537.4973,584.5109,10,10,0
12,4,0.3924,1,5,0,513.5012,392.8313,472.2071,7,5,0
12,NA,-0.0681,1,1,3,413.138,409.5354,403.8637,9,4,0
NA,NA,99,9,99,99,548.6946,529.6828,531.2719,NA,99,9
14.5,4,-0.6134,1,0,1,590.0473,496.4803,545.1223,6,2,0
9,3,-1.0749,1,10,10,357.2371,378.1512,346.881,8,0,0
14.5,3,0.4668,1,0,3,507.9737,497.6331,568.4611,8,3,0
NA,1,-0.0136,2,0,0,401.1515,336.2762,344.7757,10,1,0
12,3,-0.651,2,0,5,614.4489,609.6813,569.0582,9,4,0
16,4,1.7333,9,0,8,559.3289,541.3113,548.3388,7,1,0
16,3,-0.7268,1,2,0,506.7798,482.3202,555.5383,7,7,0
12,3,0.1366,1,0,8,606.3484,507.9188,601.4068,10,10,0
12,3,-0.4763,1,1,6,620.2712,550.3118,599.2406,99,5,0
16,NA,-0.0073,1,2,2,612.2965,560.2564,585.4623,8,5,0
16,4,0.2792,1,0,5,634.8441,590.962,606.5819,7,2,0
16,6,2.6126,2,0,10,534.2018,532.9703,600.8059,99,5,0
16,6,1.0107,1,4,10,575.6917,462.7134,523.553,99,10,0
14.5,3,1.2884,3,0,2,306.88,362.6911,322.0628,9,3,0
9,3,0.0903,3,0,6,544.3668,563.0483,540.154,8,2,0
12,7,0.2801,1,6,6,435.9852,397.4531,478.8963,7,0,0
12,3,0.2412,1,0,0,468.0229,448.0397,539.0421,10,7,0
14.5,2,0.3344,3,6,0,512.7555,441.3446,444.7893,8,10,0
9,3,-0.102,2,3,8,484.2407,493.2261,541.1155,7,0,0
16,6,-0.457,1,0,8,687.8399,693.1407,696.8337,4,5,0
16,7,-1.0727,1,0,4,383.2865,361.0719,364.4604,9,2,0
12,3,-0.2812,3,0,4,431.1445,394.5016,431.2781,7,2,0
16,NA,0.5598,1,0,8,644.2057,599.5429,616.7379,9,4,0
16,6,2.2514,1,0,2,501.5762,450.0129,490.1776,9,4,0
NA,NA,99,9,99,99,551.8076,456.756,492.7256,NA,99,9
16,4,0.4344,9,4,10,355.8389,310.8334,231.4151,3,0,0
16,NA,-0.6083,1,3,0,579.4023,515.5985,562.8353,7,4,0
12,6,-0.4199,1,0,3,603.0691,456.8222,593.7701,7,2,0
12,2,-0.8399,1,8,9,476.4553,437.4251,434.2281,10,9,0
12,2,-0.651,3,0,4,529.7486,522.7236,608.339,9,2,0
16,2,0.1458,1,99,99,404.4517,364.9385,402.8964,6,0,0
9,4,-0.2539,2,5,2,428.1163,406.8547,431.8382,8,2,0
16,3,-0.09,1,0,6,440.8008,384.9433,392.2667,7,8,0
9,2,-1.4184,1,0,10,421.446,354.6104,383.4279,9,2,0
12,NA,0.5349,1,0,1,568.6692,456.4639,547.6449,10,2,0
16,3,0.0291,1,99,99,380.4271,399.6829,399.4072,8,99,9
16,7,1.2071,1,7,7,449.668,456.8523,465.07,99,2,0
16,3,1.0642,2,99,99,294.3437,308.0337,318.0469,99,99,9
9,6,-0.2067,1,0,10,590.9908,488.0754,544.4232,10,0,0
16,NA,0.0203,1,1,2,567.0359,512.307,570.0296,10,2,0
16,4,1.0229,3,0,0,427.7452,432.8145,442.0276,6,6,0
16,4,0.1983,3,0,10,522.4276,433.6816,487.6761,8,2,0
16,4,-0.5429,1,0,0,463.5411,389.4717,442.5597,6,4,0
16,1,-1.5522,1,10,10,230.7995,275.5111,329.6737,10,1,0
16,NA,-0.9169,1,0,4,597.1617,534.9106,591.474,8,5,0
16,NA,0.8245,1,2,0,638.7985,564.9703,648.1264,8,4,0
12,4,-0.2539,1,0,0,476.1711,429.4846,480.4838,99,1,0
12,2,0.8006,2,0,8,461.2458,433.0209,445.8412,7,6,0
16,4,1.9458,1,0,8,556.4647,521.2357,548.1121,9,6,0
16,NA,1.4179,1,1,2,491.5217,371.2934,489.0764,10,6,0
12,4,-1.5122,1,0,0,436.969,373.7148,445.8991,9,0,0
NA,NA,99,9,99,99,490.6006,418.0197,450.1941,NA,99,9
16,7,2.304,1,4,0,696.2293,573.0757,595.0595,8,0,0
16,3,0.1891,1,0,0,478.2335,391.7169,447.0278,99,5,0
16,NA,-0.2701,2,1,1,319.6651,329.1705,346.8102,10,1,0
9,3,-0.0278,9,99,99,417.6509,407.8447,430.7904,NA,99,9
12,4,-0.8421,2,0,2,457.674,404.0183,467.9859,10,5,0
16,2,1.2777,1,6,3,610.3724,538.8614,597.6423,99,5,0
16,6,-0.6205,1,0,10,618.7184,514.7333,584.0656,8,1,0
9,3,0.3162,2,0,10,358.1706,320.8006,375.1026,10,0,1
16,6,0.0933,1,0,8,560.2121,572.5071,531.8623,8,6,0
12,NA,-1.8601,1,0,9,473.6496,392.287,484.6759,7,0,0
16,2,0.3631,1,99,99,403.4545,416.399,442.4557,9,99,9
9,3,0.2289,3,2,10,378.9859,378.231,414.6105,10,3,0
9,2,-0.6132,1,99,99,424.6031,361.1709,383.6747,8,99,9
12,4,-0.5054,1,5,2,501.117,464.9059,518.9805,99,6,0
16,4,0.781,1,5,10,390.3342,458.937,480.4683,10,6,0
14.5,4,-0.102,1,0,5,606.5092,560.9382,594.7847,99,3,0
NA,2,-0.9921,3,10,10,273.1189,307.4046,284.598,99,8,0
16,7,0.4764,2,1,0,785.1786,684.3372,764.9468,8,7,0
12,4,-0.0574,1,0,2,648.8308,559.5461,600.3615,99,7,0
16,3,-1.6507,1,99,99,383.7032,378.9587,373.2624,10,99,9
12,4,0.3344,1,0,4,637.2261,481.0986,605.1717,99,5,0
16,6,1.5533,1,1,2,606.3421,601.4394,626.5332,8,7,0
12,2,-1.4196,1,8,5,336.5328,274.0301,326.9229,99,7,0
16,4,0.9492,1,0,2,565.3956,585.0258,619.0333,7,3,0
12,4,1.6698,1,10,10,261.2191,320.2856,227.5304,99,10,1
16,NA,-0.2217,1,0,3,611.3943,514.4993,628.3477,8,5,0
16,2,-0.4445,2,0,10,441.7222,424.544,487.0303,9,7,1
16,4,1.0491,1,0,5,390.6934,317.3947,340.1278,99,7,0
16,NA,0.7159,1,0,2,717.8176,652.79,656.6165,8,6,0
12,2,0.1396,2,0,0,491.6089,422.3996,428.4045,6,2,0
16,4,-0.2477,2,0,3,578.7797,586.0693,630.6478,7,3,0
NA,NA,99,9,99,99,430.0541,436.8356,433.0665,8,99,9
16,2,-0.0877,1,0,6,433.5198,322.2797,338.5996,5,6,0
16,2,-0.7047,1,0,0,550.1663,507.9336,485.5396,10,5,0
16,2,0.0526,3,2,3,467.3357,417.8716,420.5331,8,10,0
16,3,0.5224,1,10,10,422.7637,379.7977,392.6147,10,4,1
14.5,2,-1.3566,1,1,0,352.1131,310.5928,360.3836,99,0,0
16,NA,1.438,1,4,0,513.0936,463.759,473.8738,8,10,0
12,4,-0.1888,1,0,5,494.9,496.9237,513.6045,9,0,0
16,4,-1.3015,1,0,10,459.0036,382.6118,451.161,9,8,0
12,4,0.0882,1,99,99,346.6086,325.7108,337.8351,5,99,9
16,3,-0.5005,1,99,99,439.1496,423.8426,474.0177,9,99,9
16,6,0.8511,1,0,3,581.3837,575.8036,654.8952,7,1,0
16,3,0.1396,2,6,8,469.1244,418.2502,444.6228,9,10,0
9,NA,-0.137,1,0,10,553.5799,520.8955,615.0654,9,10,0
16,3,1.5612,1,0,0,491.5383,391.362,461.7197,6,0,0
14.5,4,1.0285,1,0,0,568.176,457.7076,530.1394,8,0,0
16,4,0.4484,9,3,5,510.9097,420.0917,443.6183,8,3,0
16,4,1.0755,1,0,1,563.5409,478.0889,543.7701,7,0,0
16,2,0.6816,3,5,8,459.7757,480.2525,456.5749,7,6,0
16,4,-0.1559,1,0,0,609.9829,503.4148,602.3031,9,5,0
16,3,0.257,1,8,10,461.0994,447.5931,500.7282,6,5,0
12,2,-1.0153,2,0,2,541.2379,481.7762,511.6446,99,5,0
16,2,-0.228,3,4,9,554.2116,502.273,564.4873,8,4,1
12,1,-0.6259,1,0,2,482.2123,475.0562,445.8319,8,3,0
12,4,-0.1795,1,0,6,407.878,389.9944,379.4563,9,1,0
16,4,-0.5168,1,0,5,597.0392,542.4733,621.5257,9,4,0
16,4,-0.0073,1,6,6,347.7193,489.583,429.7119,7,8,0
12,3,-0.6094,1,0,10,608.0822,514.8071,596.9909,9,2,0
14.5,2,-0.102,1,0,5,499.0326,442.2563,550.6374,99,0,0
6,2,0.8086,2,0,10,432.6977,442.1732,500.4397,10,5,0
NA,2,-1.0153,2,0,5,443.8809,453.5412,443.3662,9,3,0
16,4,0.4207,1,0,7,649.9175,603.4098,681.9114,9,2,0
16,3,0.1891,1,2,0,457.7508,441.4813,468.4591,2,1,0
16,4,-1.1393,1,0,3,702.626,680.5607,672.0648,7,6,0
16,3,-0.7868,3,0,1,563.0729,498.5233,543.8974,9,6,0
16,1,-1.2038,1,0,2,376.2655,275.224,293.4657,10,2,0
9,1,-0.7027,1,9,0,360.7274,373.3526,367.7318,99,6,0
3,3,0.0629,2,0,8,410.4378,443.1072,468.7097,9,6,0
12,2,-0.6148,1,0,0,376.1682,354.6959,359.0026,5,0,0
16,2,-0.7868,1,99,99,256.3972,311.416,342.4994,99,99,1
14.5,NA,-0.0229,2,3,10,455.06,507.3231,454.8626,9,4,0
16,4,-0.4762,1,0,7,626.3551,653.438,655.4005,99,5,0
16,4,0.4484,1,5,4,431.0406,456.2046,439.2621,99,6,0
16,3,-0.6172,1,10,0,467.0845,417.8907,422.9809,9,1,0
16,NA,0.9155,1,1,2,332.5661,382.7247,422.8465,4,4,0
16,3,-0.1466,1,0,5,522.0207,437.9787,522.8522,10,0,0
16,4,0.2607,1,2,4,513.7717,503.38,459.3396,8,6,0
12,4,-0.4482,1,0,2,594.3739,533.7814,571.3002,7,1,0
NA,NA,99,9,99,99,353.4077,362.6827,375.0189,6,99,9
14.5,4,0.1168,1,0,1,578.1066,536.2205,601.3232,8,8,0
12,2,-0.5448,1,0,5,585.3532,500.9615,552.0027,1,0,0
9,2,-0.3003,2,0,5,603.4642,491.5434,635.5479,99,5,0
16,NA,0.689,1,2,10,357.1131,332.3337,368.1334,9,0,0
14.5,4,-0.0082,1,0,6,466.6027,437.828,504.8673,7,6,0
16,4,1.6868,1,0,0,572.6702,557.0083,563.0818,99,5,0
16,2,1.3033,1,10,4,362.4197,387.7226,386.2307,9,7,0
16,1,-0.2423,2,4,5,363.6172,325.4489,309.1093,4,3,0
12,2,-0.3295,3,0,5,420.0077,498.3149,464.3109,7,3,0
16,3,0.1862,1,1,2,450.9056,439.4343,487.4127,9,10,0
3,3,0.2412,2,0,10,389.9844,355.3549,368.7556,5,3,1
3,2,0.7024,2,0,10,488.2134,471.9791,465.0163,8,10,0
12,2,0.5043,1,0,0,522.6666,459.7724,467.5679,10,4,0
12,4,0.9758,1,0,1,694.6198,640.3457,731.281,7,2,0
16,2,-0.2705,1,0,3,465.5891,396.5876,430.8597,10,5,0
16,7,2.8974,3,0,99,567.0827,603.7214,588.802,8,10,0
16,4,-1.0637,1,10,10,417.5791,335.1429,360.2467,5,4,0
NA,NA,99,9,99,99,424.5837,443.4898,411.8763,99,99,9
9,3,1.8081,1,3,4,351.2356,320.6626,324.8121,10,10,0
6,3,-0.6205,1,0,1,437.9659,362.3626,350.5891,7,1,0
16,4,0.9155,1,0,0,474.6915,385.4374,441.8597,8,0,0
16,3,0.1932,1,0,2,444.502,382.1767,455.317,8,6,0
12,NA,0.8662,1,99,99,394.5119,348.0263,382.2738,9,99,9
12,4,1.1864,1,0,10,493.682,411.2605,474.3267,9,5,0
16,3,-0.6259,1,0,0,683.391,676.7585,715.3025,99,1,0
NA,NA,99,9,99,99,670.7463,616.0606,656.2495,NA,99,9
16,3,0.1321,1,0,2,500.2816,385.8702,492.7935,7,1,0
12,1,0.1891,1,3,5,411.4842,424.1944,436.5445,8,0,0
16,NA,0.2124,1,1,0,637.1088,560.5508,676.1689,9,3,0
16,2,-0.6,1,4,8,545.9884,511.8543,587.7333,8,10,0
16,3,0.2787,1,0,10,375.0141,519.6043,436.485,10,0,0
12,3,-0.059,2,0,10,502.948,400.0141,400.9535,7,4,0
14.5,NA,-0.5025,2,0,10,469.3576,398.6301,413.9585,6,4,0
12,2,-0.0851,2,0,0,419.7322,363.4447,384.9653,8,4,0
12,3,0.3924,1,0,2,606.3929,549.5381,563.6813,7,4,0
12,4,1.1343,1,0,3,701.4386,593.4011,618.9749,8,2,0
6,2,-0.5827,2,0,10,385.901,390.0234,418.5322,2,2,0
16,NA,-0.3527,1,3,10,531.7498,495.4804,586.5425,9,7,0
12,4,-0.7715,1,0,10,572.3871,542.2759,551.5828,99,0,0
16,4,-1.4199,3,9,5,234.1204,319.3062,299.3282,9,6,0
16,4,1.4126,1,0,1,531.3494,484.197,450.4953,9,6,0
12,4,-0.7865,1,0,0,330.3711,396.0939,395.1203,8,0,0
16,4,-0.8686,1,1,10,371.9785,463.8331,459.8088,8,10,0
12,3,1.034,1,0,3,499.6067,441.3189,588.0628,9,0,0
16,3,0.4484,1,0,0,630.954,571.4593,613.8955,9,4,0
16,4,0.934,3,0,3,577.2517,567.714,600.0828,9,10,0
12,3,0.6543,1,0,0,440.7785,426.7957,395.4588,10,6,0
12,4,-0.102,1,0,5,470.7653,441.7773,447.1564,10,10,0
16,2,-2.178,1,99,99,343.429,386.1547,366.1153,NA,99,9
16,2,0.7466,1,0,0,495.0531,429.6543,453.1177,99,2,0
16,NA,-0.4067,1,0,3,665.3227,568.4583,662.3944,7,5,0
12,3,-0.3596,2,0,6,527.4904,483.8215,534.9324,9,6,0
14.5,3,2.0096,1,0,0,569.6154,448.141,510.8932,99,2,0
12,7,0.0642,1,0,4,623.3684,645.1497,668.0889,3,2,0
9,2,-1.4242,2,99,99,366.9161,414.9338,389.1252,10,99,9
16,4,-0.8271,1,0,10,405.5189,349.0277,402.7838,3,10,0
16,7,-0.9944,1,6,10,382.4618,420.7993,423.7846,7,8,1
16,1,1.0677,1,5,0,450.8747,513.6856,533.6616,10,8,0
16,2,-0.8205,1,0,10,368.4666,341.9676,318.6422,8,5,0
9,1,-0.5613,9,99,99,263.5002,280.0196,265.009,99,99,0
16,3,1.3774,1,3,0,646.2009,575.4149,682.7865,8,0,0
12,2,-1.2413,1,2,10,415.591,333.444,416.5536,9,4,0
16,NA,1.3033,1,0,10,541.5534,507.9042,590.1418,9,7,0
12,3,0.8486,1,7,7,356.5127,357.7042,385.2579,8,10,0
16,4,1.002,1,0,0,400.8693,350.7497,360.6186,8,10,0
12,2,-0.5763,9,0,10,497.2078,487.4448,535.6706,10,5,0
16,4,-0.49,1,8,9,351.1641,328.6709,331.3435,7,7,0
16,4,-1.1862,1,0,0,481.6724,433.9431,384.3267,8,0,0
12,4,0.528,1,0,2,511.4658,397.1153,483.0258,8,3,0
16,6,0.5326,1,0,9,654.4652,531.6594,603.3726,7,5,0
16,NA,-0.3295,1,0,10,582.9551,586.1264,652.2215,9,4,0
16,3,-0.2097,1,0,2,524.5116,460.9404,525.6355,7,4,0
12,6,-0.6314,1,3,10,555.6874,527.3972,573.9619,10,6,1
16,6,-0.0526,1,3,0,562.6719,524.3392,546.6844,99,2,0
16,2,0.3924,1,0,10,511.9015,488.2227,564.2043,9,4,0
16,2,-0.6369,2,4,8,625.9358,525.4951,555.926,99,10,0
3,3,-1.0119,2,0,3,621.249,505.1289,623.9638,7,2,0
16,4,-0.0073,1,0,6,640.2659,601.6188,645.0562,9,5,0
16,NA,-0.0548,1,0,4,371.6115,353.8603,404.0184,7,3,0
12,1,-1.78,3,8,8,254.9132,302.2021,280.8896,10,8,0
12,1,-0.0287,1,4,8,419.9284,372.3796,394.5721,8,0,0
12,1,0.5206,1,0,8,464.1706,371.6188,422.3942,10,0,0
6,3,-0.6885,9,0,0,509.6097,449.9966,489.3684,8,0,0
16,4,-0.263,1,0,10,370.7183,402.9608,455.762,NA,6,0
16,1,0.7641,1,0,6,460.6638,401.4729,388.4543,9,0,0
16,3,1.1551,1,0,1,516.9912,571.0358,597.3927,9,2,0
16,NA,0.3145,1,0,0,535.984,498.4659,472.0204,10,4,0
16,3,-0.4463,1,6,10,500.1726,474.0969,476.0849,8,6,1
16,4,1.0715,1,0,0,526.7417,506.7537,565.0397,7,6,0
12,4,-0.4301,1,0,2,667.4893,616.0927,670.8012,10,2,1
14.5,NA,1.5422,1,99,99,396.0103,400.041,392.8511,4,99,9
16,4,0.9758,1,6,0,405.5695,384.3497,398.5338,8,4,0
16,7,1.2571,1,0,5,493.2949,485.3623,562.4424,8,5,0
16,4,-0.8741,1,0,5,680.8488,600.1167,624.696,9,3,0
16,4,1.1966,1,99,99,521.799,470.8634,485.1511,6,99,9
12,1,-1.0283,1,0,10,554.778,428.2239,467.6381,99,10,0
16,4,0.9968,9,5,0,619.839,568.343,655.2625,7,5,0
16,3,-0.843,1,0,6,608.5393,541.806,589.4337,8,0,0
16,NA,-0.6922,1,0,5,480.1629,480.5176,539.7581,9,0,0
12,4,-0.3003,2,1,8,614.0103,570.3062,599.7077,8,8,0
NA,NA,99,9,99,99,511.8211,488.6011,514.9054,NA,99,9
12,4,-0.132,1,2,3,512.8172,443.4927,524.8971,8,1,0
16,4,0.6293,1,0,5,583.4282,539.7421,583.3647,9,0,0
16,3,-0.8716,1,0,6,480.4139,425.1524,474.1647,8,0,0
16,NA,0.544,1,0,0,355.4714,348.1279,314.0438,NA,0,0
16,6,0.1985,1,0,5,641.5522,541.4051,612.3698,10,3,0
16,NA,0.8272,1,0,10,658.6227,532.4759,623.508,8,10,0
14.5,4,-0.8957,1,0,2,515.5152,462.8442,530.6954,8,6,0
16,NA,0.4664,1,0,5,681.0018,677.0308,692.1444,10,5,0
16,4,-0.3588,1,0,2,489.8443,457.8692,485.8446,9,10,0
16,2,0.4764,2,0,10,503.9432,389.7269,548.227,4,0,0
9,2,-0.3645,2,0,10,404.5019,367.4286,383.6322,7,2,0
16,4,0.4899,1,99,99,375.6862,349.4858,364.4167,7,99,9
16,4,-0.6205,1,0,0,604.8043,539.6913,619.7066,8,0,0
12,3,-0.8855,1,10,10,455.6953,406.2101,423.7828,9,4,0
16,3,0.3371,1,2,10,503.5796,452.0269,478.6027,8,0,0
14.5,2,-0.3588,1,0,2,595.4471,472.0793,489.0724,7,1,0
16,NA,0.1891,1,0,2,578.8012,522.3657,557.7708,8,2,0
3,1,-0.1083,3,0,10,449.0812,412.7842,392.9701,9,1,0
16,4,-0.103,1,99,99,519.396,506.1002,533.3691,9,99,9
16,3,1.002,1,3,0,482.9192,470.0724,532.085,8,6,0
12,NA,1.0285,1,4,0,550.7565,501.4686,540.4302,8,2,0
12,1,-1.3783,2,0,10,534.438,495.4335,540.2702,8,0,0
16,NA,0.7871,1,0,4,482.5328,393.8838,492.0476,9,7,0
16,4,0.6567,2,0,8,427.489,400.258,403.0516,7,10,0
12,3,-0.2835,1,99,99,395.3128,417.257,402.9264,7,99,9
16,2,-0.4646,2,0,1,568.9998,532.7629,502.5907,99,8,0
12,2,0.5349,3,0,2,495.2551,444.9897,470.7927,99,7,0
16,4,-0.1083,9,0,4,513.05,468.7067,516.5649,8,0,0
16,NA,1.9919,1,4,3,517.184,489.7186,523.102,5,8,0
16,4,-0.1622,2,0,0,481.2165,413.083,467.7533,99,10,0
16,3,2.4004,1,4,0,445.1589,332.8985,375.2583,6,10,0
16,2,1.0792,1,4,10,542.1312,474.8249,489.6725,7,3,0
16,3,1.516,1,1,4,475.8841,417.343,472.5383,8,2,0
16,6,1.4326,1,0,2,638.1747,543.1615,638.2171,8,4,0
12,2,-0.0526,1,1,0,555.5796,534.0205,539.6462,7,0,0
9,3,0.183,1,0,3,485.3458,465.5981,482.2125,8,8,0
12,2,1.6419,2,6,10,355.7297,347.8475,372.9954,10,5,0
16,3,0.761,1,3,10,495.9516,416.3372,434.0934,99,2,0
12,2,0.1891,1,0,5,508.0756,533.5417,549.2144,8,2,0
12,3,1.3721,1,10,10,330.1893,299.5893,319.411,10,0,0
12,2,-1.5752,3,0,2,277.6849,336.9492,300.0455,7,3,1
12,4,0.1891,1,2,0,449.5427,499.511,491.0069,8,2,0
12,2,-1.9576,1,8,10,333.8363,316.9397,311.2489,9,10,0
12,4,-0.1622,1,0,10,606.8818,510.3931,558.5589,7,2,0
16,4,-0.0371,1,0,9,575.918,513.6145,537.6088,8,7,0
12,2,0.4343,1,0,0,420.6849,405.0224,420.4597,8,6,0
12,2,0.9353,1,99,99,417.4511,400.8469,426.2582,8,99,9
16,4,-0.2842,1,0,3,646.8974,599.5892,629.74,8,5,0
16,4,0.8086,1,0,2,346.6819,286.3322,320.1511,6,2,0
16,4,-1.8197,2,0,6,585.9213,511.6605,589.819,7,4,0
16,NA,0.0933,2,0,2,541.9756,450.6829,545.9689,99,3,0
16,4,-0.2228,1,0,2,475.8839,461.6983,481.4578,10,6,0
16,2,-0.8694,1,10,10,415.0015,375.3045,389.6948,10,10,0
16,1,0.0987,2,10,0,356.7126,408.6024,374.9619,99,6,0
16,2,0.183,3,0,10,544.119,511.792,558.093,8,4,0
6,3,0.2607,2,0,2,684.2839,585.8604,612.2418,9,4,0
NA,NA,99,9,99,99,398.6634,383.6562,386.0021,8,99,9
14.5,3,1.2884,1,0,5,466.1004,452.6444,500.7536,6,1,0
16,2,1.0366,1,99,99,360.2671,379.9059,369.0046,10,99,9
12,4,-0.7318,1,0,7,406.3809,381.0079,407.3524,99,10,0
16,4,0.7159,1,1,1,576.8445,583.745,651.5574,9,7,0
6,2,0.6709,2,0,4,570.4148,478.1802,583.0294,8,10,0
16,2,-0.1129,1,0,4,335.8954,358.2642,366.0643,10,10,0
16,3,-0.669,1,1,1,534.3016,532.7427,519.1189,8,3,0
NA,NA,99,9,99,99,504.7082,476.4297,506.7093,NA,99,9
12,4,0.5838,1,1,6,366.2085,320.8772,387.9026,8,10,0
12,3,-1.7465,2,0,0,461.1428,398.6916,411.1583,5,0,0
16,3,0.0458,2,99,99,343.2064,385.7903,352.0972,99,99,1
16,2,0.9155,2,0,2,397.1123,392.7937,398.4201,4,4,1
16,2,-0.0375,1,0,7,386.298,319.3103,341.7171,99,6,0
12,2,1.2735,1,10,10,330.7235,412.8007,361.4138,8,0,0
16,NA,0.3762,1,0,7,649.8233,609.059,677.5268,10,5,0
NA,NA,99,9,99,99,489.9086,408.947,467.0734,NA,99,9
16,2,-0.5378,1,2,4,457.6219,447.6854,533.0273,8,3,0
9,1,-1.5089,2,0,2,497.838,467.4878,451.6876,9,1,0
14.5,3,0.1428,1,0,0,626.6821,527.2009,611.4689,8,2,0
16,6,0.5291,1,10,10,384.6579,428.323,407.4909,8,10,0
9,3,1.2139,1,3,0,521.1895,391.252,439.2849,10,5,0
16,1,-1.3246,1,99,99,309.7434,327.4663,332.9552,3,99,9
16,4,-0.0339,1,0,0,333.3505,353.2801,381.3793,6,10,0
16,NA,0.6731,1,0,4,624.2346,523.7355,505.1029,5,6,0
NA,NA,99,9,99,99,510.5458,470.452,512.367,9,99,9
NA,NA,99,9,99,99,559.7119,520.1565,555.3993,9,99,9
NA,NA,99,9,99,99,484.3977,431.8848,440.9574,8,99,9
16,NA,1.2506,1,0,0,613.2622,473.6728,526.3163,8,0,0
16,3,-0.5434,1,0,3,489.6273,461.031,506.4352,9,3,0
12,6,0.2412,2,0,6,552.5684,412.4959,478.3373,8,6,0
6,1,-1.1035,2,0,0,418.6208,378.6448,434.8552,8,2,0
12,2,0.6703,9,0,0,391.0172,320.0577,378.3484,9,5,0
16,2,-0.7887,1,99,99,438.2634,412.1204,444.9279,10,99,9
12,3,1.2831,2,0,4,489.2682,453.1265,459.7141,9,4,0
16,6,0.5326,1,0,1,590.0598,559.7832,641.2015,8,1,0
12,2,-0.3588,1,0,6,444.3406,421.9539,405.519,6,10,0
14.5,4,0.9155,1,0,6,488.8914,330.1161,459.5345,7,7,0
14.5,2,-1.0122,3,0,0,441.6269,354.142,347.5206,NA,4,0
16,NA,2.464,1,0,0,559.3708,558.594,603.8309,9,10,0
12,2,0.0225,2,0,2,420.0713,360.8236,379.9856,9,1,1
16,3,1.002,1,0,3,547.1898,576.2333,572.1691,9,7,0
12,3,2.0565,9,0,3,517.6464,420.8947,565.8839,9,7,0
14.5,1,1.0285,1,5,0,538.502,504.6841,578.7123,8,0,0
16,4,0.3251,1,3,2,621.7494,576.2489,626.4468,10,5,0
9,2,-0.982,1,0,10,402.3282,382.3682,330.5862,99,2,0
9,3,-0.3679,1,99,99,272.581,319.7418,287.2248,99,99,9
16,7,0.478,1,6,5,249.7683,335.6719,335.5478,10,5,1
16,4,0.4664,1,0,2,678.2858,601.6092,669.4442,8,0,0
6,2,-1.1494,2,0,4,485.2847,364.9457,410.6698,7,2,0
12,4,-2.7216,2,0,10,642.0837,586.0591,605.2244,9,2,0
16,2,-1.0302,1,0,10,505.6763,410.5167,478.3371,8,10,0
16,4,-0.0073,2,0,7,461.2247,426.29,415.8783,9,3,0
12,1,-0.3003,2,1,5,486.2767,413.2419,431.0398,99,7,0
6,4,0.2292,2,3,10,658.6364,579.6002,678.5015,7,5,0
NA,NA,99,9,99,99,349.3055,368.1979,396.0364,5,99,9
12,3,-0.6,1,6,4,430.615,366.144,364.9013,8,5,0
12,3,0.2226,1,0,4,601.2413,528.7363,584.717,9,4,0
9,3,1.1315,1,0,3,492.3867,420.2429,443.3606,5,0,0
16,6,1.3033,1,0,2,537.6033,520.5406,561.8664,10,2,0
16,NA,-0.3588,1,0,5,639.1662,508.3294,576.8321,8,5,0
16,4,1.7606,2,0,0,587.5477,557.3886,601.5539,9,10,0
12,NA,0.1891,1,0,2,557.6808,526.9741,582.9484,9,8,0
3,2,-1.0153,3,4,5,410.5804,399.9979,369.1618,10,10,0
16,4,0.4484,1,0,0,619.875,526.6347,609.1262,8,4,0
16,3,1.4245,1,99,99,451.4944,413.5743,444.992,10,99,9
9,4,-0.3172,2,6,10,497.2919,454.4987,514.5891,7,0,0
16,4,2.019,1,0,6,441.5011,473.6393,423.0594,8,8,0
12,3,-0.8091,2,0,0,530.8289,417.0902,425.9508,7,9,0
14.5,3,0.1891,1,0,2,502.9203,528.9124,532.5983,9,0,0
16,4,1.1469,3,2,2,470.3605,396.7321,440.3137,7,3,0
16,7,-0.0901,1,0,4,532.5387,488.1472,505.7303,8,9,0
16,NA,2.1621,1,0,5,561.3832,452.512,577.1973,9,5,0
16,NA,1.1193,1,4,0,595.3954,541.7772,609.128,10,0,0
16,6,0.0198,1,1,3,589.9101,536.5463,547.6671,99,9,0
16,NA,0.6731,1,0,0,622.4664,580.0317,588.7376,9,5,0
16,4,0.7936,1,0,1,367.1671,364.3982,312.2223,10,2,1
16,4,0.2289,1,0,2,560.8596,466.9318,544.0596,99,10,0
14.5,4,0.7773,1,0,5,395.4468,397.4835,422.5145,8,3,0
16,4,0.2835,2,0,10,518.0491,428.0578,470.406,99,10,0
16,4,1.0907,1,0,3,751.2648,659.2595,722.8473,9,7,0
16,7,1.6826,1,1,7,466.3829,439.1189,450.1182,9,0,0
16,4,1.7918,1,0,0,470.634,495.5263,504.3714,9,3,0
16,2,-0.3003,1,0,7,430.9768,345.0544,431.3309,10,6,0
9,3,-0.4259,1,2,10,372.6064,392.9657,459.541,2,0,0
16,NA,0.5326,1,0,0,678.2072,687.1465,694.6006,7,5,0
12,4,-0.7973,1,0,5,712.4213,582.8039,658.9857,9,5,0
12,2,-0.4052,2,0,2,539.1903,460.3065,503.8902,99,6,0
14.5,4,0.7698,1,0,5,631.089,565.9897,648.2978,9,5,0
16,1,-0.7845,3,10,10,364.2095,397.4911,416.6852,10,10,0
12,4,0.0811,1,0,10,586.1609,524.9534,611.6796,7,2,0
12,4,0.1428,1,2,3,413.644,438.146,423.2683,8,5,0
16,NA,-0.0241,1,4,0,497.531,539.587,562.0851,8,0,0
12,3,-1.2786,2,0,5,554.8512,541.3186,528.1612,10,4,0
6,2,-0.7973,2,0,7,435.4476,377.2796,322.0568,8,4,0
16,4,-1.031,1,0,5,488.0367,417.9139,463.1161,9,10,0
16,NA,-1.2944,1,0,7,559.1201,505.4278,564.2638,8,0,0
16,4,1.4072,1,0,3,542.0717,523.2114,531.8862,8,3,0
12,2,0.8152,2,10,6,309.301,320.9779,343.7334,8,4,0
14.5,4,1.0592,1,6,5,591.3674,500.0333,541.5783,8,7,0
16,NA,0.814,1,0,6,687.9443,583.7959,585.151,10,2,0
9,1,-0.651,9,3,2,541.8835,589.1591,571.4617,9,0,0
16,NA,1.6873,1,2,10,595.5714,623.7049,644.6606,9,5,0
12,2,-1.0843,2,6,0,458.1384,432.1266,418.5762,10,0,0
12,2,-2.5909,2,5,7,256.4204,286.9816,285.2538,6,4,0
16,4,-0.1795,3,0,9,634.2073,525.7295,594.8905,8,10,0
12,1,-1.6252,1,0,0,306.1,294.0747,320.2325,8,5,1
12,3,-0.1083,1,0,10,419.5107,413.9881,458.6668,9,6,0
16,4,0.8511,1,0,0,539.1293,482.3672,508.8703,8,5,0
14.5,1,-1.0597,1,0,2,462.5342,383.6091,495.6144,10,6,0
6,3,-0.6055,2,0,5,538.8233,389.7711,461.9736,10,6,0
NA,NA,99,9,99,99,357.4015,354.6982,354.0789,8,99,9
16,3,-0.056,1,2,3,450.177,409.6319,401.3372,9,6,0
16,4,-1.1413,1,3,3,567.7871,526.6084,598.7328,8,4,0
12,3,-1.5155,1,0,10,557.7216,505.3177,528.6187,10,10,0
12,2,-0.8957,1,0,10,468.1718,372.8726,413.1647,9,4,0
12,1,-1.0634,9,0,2,300.9437,305.1082,321.9251,7,4,0
16,2,-0.2092,1,6,7,491.5753,459.8501,464.7226,7,4,0
12,4,-1.3531,1,2,0,332.567,339.5872,296.6907,9,2,0
16,4,-1.0106,1,3,7,662.9735,531.1944,573.6194,8,2,0
16,2,-0.5434,1,4,5,447.3283,420.4839,401.2552,9,10,0
16,1,-1.5583,3,2,10,399.0756,438.5267,411.1554,9,8,0
14.5,4,1.0229,1,0,10,323.2696,324.505,337.0167,8,2,0
16,3,-0.3588,1,0,10,522.979,425.0788,515.5437,7,0,0
16,4,1.002,1,1,5,634.4956,600.4094,610.6704,9,6,0
16,6,1.1605,1,0,0,653.7096,620.3671,686.0783,8,2,0
16,3,-0.1083,1,2,4,379.4464,410.1784,513.8064,99,3,1
9,NA,-0.5021,1,0,3,530.3772,534.0649,589.132,99,7,1
NA,NA,99,9,99,99,421.8037,406.3925,418.4529,NA,99,9
16,NA,-2.6091,1,0,8,360.776,307.9667,373.2188,99,6,0
9,2,-0.7309,1,10,1,394.7197,312.4038,354.1531,10,10,0
16,4,0.8006,1,2,0,524.058,542.4639,616.9686,8,5,0
16,4,0.7698,1,0,0,737.6396,675.4637,734.5851,10,6,0
12,1,-1.1862,1,0,10,495.5259,387.8849,452.1104,99,0,0
16,NA,0.1891,1,0,1,617.2637,541.9142,568.9173,7,6,0
12,3,-1.4902,1,0,0,539.1495,467.9395,504.9818,8,0,0
16,4,1.6041,1,0,0,514.6096,428.5761,415.6082,7,4,0
16,4,-0.3588,1,1,6,634.4726,574.4207,639.3007,9,10,0
16,7,3.3852,1,0,0,625.1848,546.2472,558.7863,8,3,0
16,7,-0.7837,1,0,6,712.3543,704.4958,745.3028,9,9,0
NA,NA,99,9,99,99,386.8265,333.7621,353.6484,NA,99,9
12,NA,-1.1063,1,3,2,633.1627,618.9747,611.8423,3,2,0
16,1,0.0666,1,0,0,405.907,376.5083,415.7097,10,1,0
16,NA,2.2718,1,0,0,373.3611,355.0301,385.6738,99,8,0
16,2,-0.2238,1,0,8,432.4549,375.6975,459.4448,9,9,0
6,2,-0.5615,9,99,99,427.3154,391.9685,423.0043,7,99,9
16,4,-1.2374,1,0,1,625.6278,490.7773,600.2683,9,4,0
12,3,-1.0754,1,0,0,635.6034,628.8347,651.5482,8,1,0
16,6,1.3033,2,0,5,449.6564,441.4126,483.3286,99,5,0
16,1,-1.3707,1,10,0,308.0774,370.6847,330.9226,8,0,0
NA,NA,99,9,99,99,548.9151,535.1768,543.4351,NA,99,9
14.5,2,0.183,1,10,5,442.1761,439.9387,457.8224,10,0,0
12,3,1.1985,1,0,4,509.1158,411.8226,472.6478,7,4,0
16,1,1.0581,1,99,99,398.3983,391.6919,366.6108,8,99,9
16,1,0.4605,9,0,0,400.5467,435.342,436.8707,99,3,0
16,4,0.4207,1,0,4,569.4799,512.7524,632.2506,9,4,0
12,2,0.3849,1,0,5,402.871,350.6367,346.5932,NA,2,0
12,3,1.8176,1,0,0,553.3651,484.661,569.2841,8,4,0
16,3,-0.0609,2,99,99,497.7508,475.1704,463.1629,7,99,9
12,NA,-0.5458,1,6,6,588.433,531.7308,586.8678,9,0,0
12,4,0.3924,1,0,6,656.8505,518.1593,583.4574,9,10,0
12,3,-0.3732,1,2,0,452.0816,479.0728,471.6041,99,10,0
16,4,1.3198,1,0,4,471.0275,452.4956,533.8575,9,10,0
16,4,-1.0112,2,0,0,421.6283,355.7669,357.6899,7,10,0
14.5,3,-1.2294,1,0,5,622.6734,569.2588,617.29,10,10,0
16,2,0.0463,1,4,1,458.4375,440.5993,493.9617,9,2,0
16,4,-0.4745,1,0,5,608.0807,595.9784,683.3936,9,10,0
3,2,1.8243,2,2,10,530.8607,522.9653,558.926,8,10,0
12,3,-0.6852,1,0,8,492.1384,417.1398,511.9621,10,10,0
16,3,0.822,2,5,10,368.4985,451.6438,444.4677,7,10,0
16,3,1.2777,1,0,0,541.5958,488.8146,576.0072,9,3,0
16,4,-0.1921,1,0,6,575.2071,476.4849,578.0853,7,7,0
12,NA,-0.3588,1,0,4,534.6142,452.7317,547.5529,99,2,0
16,4,0.8398,1,0,8,416.4392,397.7635,380.2926,8,9,0
16,2,1.4961,1,0,1,604.5861,505.8689,522.429,8,5,0
14.5,1,-0.9615,1,10,3,392.2268,456.341,419.6071,8,0,0
16,4,0.8142,1,0,10,489.8651,453.994,472.8794,10,9,0
16,7,-1.1915,1,10,10,539.0614,531.6349,588.106,7,10,0
14.5,3,-0.2768,2,0,0,558.214,495.1947,566.893,6,9,0
16,4,-0.0282,1,2,3,613.4656,590.5509,659.5859,10,4,0
12,2,-0.0136,2,2,8,292.6498,293.2632,280.4639,99,6,0
16,4,-0.0103,1,0,4,674.6364,550.3578,617.7025,9,5,0
9,2,-1.0561,2,0,5,369.0315,372.7963,359.8752,9,10,0
14.5,4,-0.4482,1,0,2,494.4563,390.3649,429.8119,9,3,0
16,4,1.6214,1,0,4,722.4085,646.8918,721.4633,9,6,0
16,2,-0.5139,1,0,3,672.3259,635.8781,653.8025,7,5,0
3,3,1.6041,9,0,6,496.1189,481.8198,564.353,7,4,1
12,3,-0.7058,1,0,5,537.6474,555.8876,599.9603,6,2,0
16,4,1.4298,1,0,0,545.3988,480.4728,536.177,7,8,0
16,4,0.5224,1,0,6,650.39,592.7246,587.3607,10,10,0
14.5,NA,2.1975,1,1,0,560.8505,479.6058,496.6738,8,3,0
16,6,1.2345,2,0,0,667.1051,642.3161,639.5166,10,7,0
12,3,1.3547,2,6,8,461.9209,447.2805,411.1275,6,9,0
12,6,0.5585,1,0,0,526.1985,425.5177,507.7537,8,0,0
14.5,3,-0.6912,9,99,99,316.5816,325.874,307.239,6,99,9
14.5,6,0.1428,1,0,9,541.2544,511.5367,542.4135,9,7,0
NA,NA,99,9,99,99,517.416,488.2142,526.5222,NA,99,9
16,1,-0.3003,3,0,10,439.9055,424.8519,427.2374,10,6,0
16,4,0.2578,1,0,6,490.1527,457.5562,501.1332,99,6,0
NA,NA,99,9,10,10,327.8876,323.5092,349.1301,9,10,0
12,NA,0.6731,1,0,2,441.3768,357.9287,414.5412,99,5,0
12,3,0.4131,3,0,6,694.3507,602.9325,654.0414,6,2,1
16,4,-0.5191,1,1,1,665.9021,592.7015,674.9642,8,6,0
12,3,-0.6711,9,99,99,407.6924,360.2743,381.7893,8,99,9
16,6,0.8511,1,0,0,606.6623,544.746,562.77,8,5,0
9,NA,-0.3093,2,0,5,519.5524,406.0822,412.778,9,8,0
12,4,-0.3924,2,0,3,658.7347,502.3473,494.162,10,6,0
16,4,0.7159,1,5,5,538.1291,478.5092,499.8915,9,5,0
16,NA,-0.8787,1,0,8,504.1115,412.3927,537.6695,6,8,0
12,2,-1.6997,3,0,4,376.336,364.5769,349.0539,10,8,1
12,3,0.6608,1,0,2,540.7384,468.1586,550.1062,9,3,0
16,2,-1.7029,2,5,7,273.1943,313.2491,257.7884,10,2,0
14.5,4,-0.2576,2,1,2,682.503,562.3377,579.898,10,5,0
16,6,0.183,1,0,8,542.0296,432.6281,466.7527,10,10,0
16,3,0.8768,1,1,1,583.4644,617.6708,667.1856,9,5,0
12,4,0.1891,1,4,4,414.441,373.8224,489.0013,99,6,0
16,NA,0.3924,1,1,6,496.5632,483.197,486.5525,8,2,0
16,4,0.183,1,0,0,430.6844,461.6434,514.9612,7,0,0
16,4,-0.0851,2,0,3,664.3113,561.2647,617.6544,9,3,0
3,2,-0.4704,2,0,0,356.383,335.118,322.4048,7,0,0
16,4,-0.3588,2,0,10,565.0321,548.9795,554.5071,7,7,0
16,2,-0.638,1,6,6,330.917,355.8866,364.6473,10,0,0
12,4,0.7427,1,1,9,604.6301,542.1804,624.7331,99,6,0
16,2,0.183,1,0,0,486.4485,400.8488,452.6267,7,0,0
12,3,-1.7236,2,0,0,533.0191,460.489,525.1491,8,0,0
16,1,-0.1265,3,10,8,279.807,263.0828,243.2932,10,10,0
16,6,1.3963,1,0,0,547.9936,565.9845,593.0995,9,5,0
12,2,-0.6259,2,99,6,389.2688,372.4042,397.0558,8,10,0
16,NA,0.9023,1,0,5,557.1165,481.7756,558.0011,5,10,0
16,4,-0.2706,1,6,8,597.9486,530.6035,549.0859,10,6,0
NA,NA,99,9,99,99,507.0675,469.6635,500.8845,NA,99,9
16,4,-0.0574,3,0,7,550.5226,568.2398,577.5173,7,10,0
16,3,0.0687,1,0,0,671.7205,601.2354,686.7331,9,2,0
16,3,0.232,1,0,0,430.2754,373.1325,423.0423,8,7,0
16,2,-1.0112,1,99,99,411.7193,401.5145,388.4924,NA,99,0
16,3,0.7597,1,0,1,640.5952,621.0872,642.1342,5,3,0
14.5,4,-0.102,1,0,0,513.2934,445.5184,547.8521,9,3,0
16,3,0.4996,1,0,0,524.3248,504.5896,579.6769,9,0,0
14.5,4,-0.1114,1,4,6,479.5721,400.8485,482.648,8,8,0
16,6,-0.7014,1,0,4,539.7552,443.9779,480.282,10,1,0
16,2,-0.1257,2,0,6,549.7941,422.0763,471.7241,99,1,0
16,4,0.0463,2,3,8,538.9799,538.9279,510.1922,6,2,0
12,NA,0.7159,1,0,4,612.7968,535.8318,641.9735,8,2,0
14.5,4,0.7427,1,0,0,529.0025,539.0814,535.1423,9,1,0
16,3,1.3036,2,0,6,485.5596,472.9386,527.7326,99,7,0
16,4,0.7159,1,3,7,574.2992,505.1149,601.8864,8,4,0
16,NA,0.1715,1,0,8,620.3993,507.995,591.7999,9,5,0
9,2,-0.7865,9,1,0,537.1794,499.1735,492.4397,8,0,0
12,3,-0.3295,1,0,0,487.5921,382.3122,446.7353,10,8,0
16,3,0.4937,1,0,10,547.2033,549.6018,582.8323,6,0,0
14.5,3,0.3085,1,5,10,388.615,335.7879,398.5418,9,6,0
16,3,0.6044,1,0,4,461.5402,447.7238,498.8108,7,0,0
NA,NA,99,9,99,99,301.0211,362.902,361.9954,NA,99,9
16,NA,0.1578,1,1,0,499.979,489.6918,532.5038,8,2,0
16,NA,-0.9046,1,1,5,540.802,445.1541,534.1158,8,5,0
12,3,0.6596,1,99,99,344.3998,330.1252,346.0063,6,99,9
12,3,0.5349,1,5,7,300.4019,338.4399,366.5225,4,0,0
16,2,0.9813,1,0,0,556.1277,538.7487,567.3854,7,4,0
NA,NA,99,9,99,99,544.5087,492.7584,512.0438,7,99,9
14.5,3,2.5468,1,6,8,439.061,396.4908,440.2679,99,8,0
16,4,1.1927,1,0,0,515.6478,443.2567,443.7057,8,2,0
16,NA,0.4203,1,4,5,638.522,534.7048,624.6617,7,5,0
16,6,0.5598,1,0,5,673.5911,607.896,617.8864,3,8,0
12,2,-0.4013,1,0,0,426.3093,417.9702,415.5328,10,4,0
12,1,0.232,1,5,10,365.2142,333.836,398.144,7,5,0
9,3,1.7224,9,0,0,503.3016,449.7866,446.066,10,9,0
14.5,NA,-0.7036,1,0,7,414.5407,408.0183,451.157,7,6,0
16,2,-0.5351,1,5,6,509.3581,459.5556,482.3519,7,0,0
16,2,0.4484,1,0,0,552.3001,587.6957,607.7356,7,1,0
14.5,3,-0.6259,1,0,3,538.3323,497.4128,580.5194,8,3,0
16,4,1.2602,2,0,0,399.2947,412.1508,346.2075,99,10,0
12,4,-0.0073,1,0,0,628.5699,561.9159,513.362,10,5,0
16,NA,0.7643,1,0,4,634.0572,536.2701,646.2797,8,5,0
9,3,-0.6094,2,0,6,426.19,413.4392,433.1998,9,6,0
16,3,0.9841,2,0,5,572.6045,548.5238,553.5649,10,8,0
12,4,0.8724,2,3,8,509.574,418.1756,477.0227,8,10,0
12,2,-0.2067,1,0,0,393.7956,401.8014,430.3702,8,0,0
12,NA,0.3344,1,0,8,634.5007,577.0288,674.18,8,8,0
16,2,0.9629,2,99,99,401.4431,416.6096,393.1714,10,99,9
16,3,-0.651,1,0,4,648.3177,653.8836,681.5065,9,8,0
12,6,-0.4242,9,1,10,653.545,642.4735,628.5028,9,10,0
16,4,0.3085,1,2,4,470.1459,510.7668,499.3965,9,8,0
16,NA,-0.3001,1,0,3,606.875,609.2431,666.1848,7,4,1
12,2,0.0495,1,6,10,357.7407,448.9396,464.9716,9,2,0
12,2,1.3033,1,2,2,427.0957,380.4899,361.2362,99,1,0
NA,NA,99,9,99,99,371.6523,337.1618,356.3666,NA,99,9
16,3,-0.0889,2,2,5,547.0491,480.2547,531.7859,7,5,0
12,NA,1.3291,1,0,7,607.2375,518.1493,545.1993,99,4,0
12,1,1.1192,1,2,0,310.5821,372.0323,411.1447,6,2,0
12,1,-0.0877,1,0,0,463.3739,353.4576,382.4331,7,2,1
12,4,-0.09,1,0,3,544.5933,418.0762,509.3665,NA,4,0
14.5,4,0.1371,1,0,5,375.0174,328.7033,370.2633,9,4,0
16,2,-0.4862,1,0,9,411.8303,368.835,397.502,8,6,0
16,2,0.1891,3,0,6,595.9505,502.906,555.7483,9,5,0
16,NA,0.4484,1,0,10,386.5716,425.4537,450.153,7,4,0
14.5,2,-0.3117,1,10,5,430.8376,436.9504,463.3306,10,5,0
12,NA,-2.0108,1,0,4,554.2666,560.8128,564.2948,7,4,0
12,2,-0.843,1,0,5,487.7123,446.8292,502.9932,9,2,0
16,1,-0.0073,1,0,5,550.9415,477.8396,540.9311,7,1,0
16,6,-0.1795,1,0,7,588.8573,485.2975,619.1186,10,4,0
NA,NA,99,9,99,99,514.8528,481.9976,502.8717,8,99,9
16,3,-0.6259,1,0,0,543.0848,487.2772,508.2105,8,4,0
12,3,-0.2097,1,0,5,543.9729,498.8666,533.4536,8,0,1
16,3,1.0804,1,0,0,323.7266,352.9829,368.241,10,9,0
16,4,1.1985,1,0,2,522.2942,534.6413,556.0908,9,6,0
16,2,0.5076,2,0,2,643.9503,526.2642,635.4327,99,0,0
12,4,-0.4888,1,0,9,526.3846,504.4524,579.2889,8,2,0
16,NA,0.1106,1,0,2,550.0045,571.3155,584.3386,10,6,0
12,NA,1.516,1,0,0,395.3242,362.1338,428.4771,10,7,0
16,4,1.5098,1,0,0,676.1163,654.1234,673.6921,8,6,0
16,3,-0.7865,1,4,5,578.8683,518.3841,591.2637,7,7,0
16,1,-0.6028,2,0,2,422.4868,368.7981,372.0295,99,10,0
16,6,2.063,1,2,8,608.9192,586.7527,603.9844,9,10,0
16,NA,1.9351,3,99,99,275.1657,324.9142,308.7839,5,99,9
16,1,-0.1559,1,0,0,657.6578,598.1026,684.2968,8,1,0
16,6,1.3441,1,0,1,712.2934,708.2457,661.8395,7,2,0
16,4,0.5349,1,0,0,563.4874,500.3939,568.4563,9,5,0
12,4,-0.1642,3,0,7,481.9013,462.2997,448.3126,8,0,0
12,4,-0.1177,2,0,0,386.2978,383.6525,379.686,10,8,0
16,7,0.8486,1,3,6,558.3604,463.674,519.5875,10,8,0
16,4,0.7159,1,0,0,591.7887,535.5821,596.3381,8,6,0
12,NA,-0.0073,1,0,0,503.311,451.2926,527.0034,7,6,0
16,NA,1.1809,1,0,1,522.3684,506.4328,499.0519,8,2,0
16,2,-1.4218,9,7,9,339.8703,308.3604,267.9914,5,5,0
16,NA,-0.2137,1,4,8,570.384,509.8717,587.6583,99,7,0
16,4,2.4004,2,10,5,330.6958,349.3007,362.8055,10,5,0
12,3,0.1891,1,0,2,547.264,598.9742,676.0081,9,2,0
16,2,0.0526,1,0,0,422.2446,413.536,429.61,10,6,0
16,3,-1.1374,9,0,10,599.287,506.1044,567.4697,NA,7,0
NA,NA,99,9,99,99,450.3931,403.6092,450.5541,9,99,9
NA,NA,99,9,99,99,332.6085,313.976,338.7148,NA,99,9
12,2,-0.7305,1,0,10,496.5427,480.1648,493.3616,8,3,0
NA,2,-1.1824,3,0,3,343.0314,320.9372,388.6484,8,5,0
12,3,1.0804,1,4,10,326.787,264.4483,231.5824,99,2,0
9,3,1.5861,2,0,8,507.1752,402.9174,484.3721,6,7,0
16,4,-1.0439,1,0,7,655.6278,480.1813,591.4398,8,3,0
16,4,0.854,1,0,1,591.5423,600.0923,639.3703,9,3,0
12,3,0.8142,1,0,3,686.12,644.3083,693.0115,8,5,0
14.5,2,0.8794,1,99,99,340.7696,322.1772,335.3769,8,99,9
16,3,0.9968,3,0,8,547.1628,514.5266,596.1299,8,7,0
14.5,4,1.5378,1,0,0,602.1537,497.5587,599.046,8,7,0
16,3,-0.1323,1,0,2,523.012,453.6968,548.077,9,0,0
16,4,1.002,1,0,5,507.4145,413.5237,491.5888,8,5,0
16,6,2.1683,1,3,0,694.4792,611.6747,600.2812,7,7,0
12,NA,-0.4174,1,0,4,703.4038,692.7454,716.3752,8,3,0
16,NA,-0.0548,1,0,2,424.4986,336.1737,345.4921,9,10,0
12,NA,0.9049,1,0,3,569.8465,522.4862,575.0946,5,6,0
16,4,-0.9624,1,0,6,549.6885,501.9386,546.6904,9,4,0
12,2,-0.09,3,1,6,301.4659,371.6382,361.0043,99,0,0
16,4,-0.6,1,1,8,541.898,438.6968,477.2768,8,7,0
12,4,0.2607,2,0,0,424.1526,364.4384,449.2648,8,0,0
16,3,0.3568,1,5,2,566.0097,507.8896,546.1562,7,5,0
12,2,-0.0574,1,0,5,554.3786,457.9602,540.9277,8,0,0
16,2,0.5649,3,4,0,379.844,276.7429,250.2328,9,4,0
14.5,6,1.002,1,0,6,478.8254,484.3904,529.0657,10,6,0
16,3,-0.1828,1,1,10,356.6567,342.6636,394.7648,9,1,0
16,3,-1.1032,1,2,5,417.0558,434.82,509.3889,9,3,0
12,7,-1.4221,9,9,9,280.9788,313.6806,293.9217,10,10,0
16,NA,1.6619,9,2,2,497.6336,445.8517,503.5757,9,5,0
16,4,0.3344,1,3,5,487.0507,462.7556,520.1881,99,2,0
16,4,0.5598,1,0,3,758.8794,629.984,697.0531,10,5,0
16,1,-0.0073,1,0,7,412.2724,378.7339,404.7862,99,1,0
12,6,1.5107,1,10,9,342.4434,397.7757,369.6165,10,8,0
16,4,0.0795,1,0,7,551.0004,459.7016,541.1263,8,10,0
12,3,-0.6259,1,2,2,592.2829,540.0705,631.1043,9,5,0
16,4,0.4525,9,0,2,593.0625,471.0462,573.0821,10,7,0
16,NA,2.2212,1,0,5,624.4396,526.4592,620.586,10,4,1
6,3,-1.064,2,3,2,626.6291,507.1454,640.8765,8,2,0
16,NA,1.3586,1,0,0,535.0569,557.2293,583.681,8,5,0
14.5,NA,-0.3356,2,0,1,532.9963,499.1718,547.4709,10,0,0
9,4,0.1403,1,0,5,535.0633,519.8876,592.8798,8,5,0
16,7,-0.3301,1,0,2,611.3412,505.9164,624.9228,7,0,0
16,NA,-0.2097,1,0,0,606.485,612.9999,662.616,7,3,0
14.5,4,0.8511,1,3,1,586.1286,490.0664,564.85,8,4,0
16,4,0.4668,1,2,4,494.0057,417.6661,458.3973,9,5,0
16,6,0.5896,1,1,1,597.7252,563.4175,603.9816,9,3,0
16,NA,-0.3295,1,0,5,626.7581,642.602,629.6194,9,0,0
16,4,0.5607,1,0,6,474.5303,396.1611,389.0041,6,2,0
16,6,0.1305,2,3,10,670.8927,595.4073,682.0438,99,7,0
NA,NA,99,9,99,99,521.6492,475.8782,516.8845,8,99,9
16,2,-0.2539,1,5,5,426.983,406.3107,462.8726,8,4,0
16,2,-0.1129,1,0,10,377.201,391.9637,451.1939,99,0,0
12,7,0.4484,1,10,10,248.8251,313.6775,336.0813,8,6,0
12,4,0.6273,1,0,7,319.2811,335.3617,357.4014,10,2,1
14.5,3,0.1949,1,0,8,475.2945,441.259,493.7699,8,4,0
12,1,-1.0153,1,0,0,366.5262,413.6905,404.2882,6,0,0
12,4,-0.039,1,99,99,428.6337,402.4708,418.1809,8,99,9
12,NA,0.7159,1,0,5,610.3681,521.0405,533.2853,8,1,0
9,3,1.0491,1,4,5,435.4156,369.822,469.2508,99,3,0
16,3,-0.1795,3,0,4,579.1775,570.9779,586.9748,9,4,0
12,1,1.0399,1,0,10,259.7429,321.776,304.9976,5,10,0
16,NA,0.1862,1,2,8,656.4334,602.6523,651.4554,10,4,0
12,2,-1.0879,9,0,0,393.9159,377.2334,405.2228,7,0,1
16,2,-0.0548,1,0,0,357.2363,351.1149,316.2684,8,5,0
NA,NA,99,9,99,99,486.5645,460.9568,493.6529,10,99,9
16,NA,0.3909,1,0,1,595.6899,561.0877,598.741,7,5,0
12,6,-0.6511,1,0,0,489.9011,480.8632,460.7783,NA,2,0
16,NA,0.9758,1,0,5,581.8632,545.1366,589.5489,7,4,0
9,3,-0.0287,1,0,5,482.5616,542.2698,546.6074,9,1,0
16,3,0.8486,1,0,4,390.6843,386.3123,427.4548,10,10,0
9,NA,1.2345,2,2,9,487.5549,473.7068,525.3937,9,10,0
16,6,1.1605,1,1,0,512.6726,522.9357,538.814,9,6,0
16,4,-0.4482,1,0,5,513.2894,443.2076,510.1988,8,6,0
16,4,-0.3065,1,0,10,525.5203,441.592,479.8985,9,4,0
16,1,-1.2122,3,0,0,400.0586,428.2087,432.6985,7,5,0
6,2,0.3284,2,0,3,541.7671,568.2192,618.6085,7,6,0
16,4,-0.5827,1,1,0,661.1817,636.1787,659.7771,7,4,0
12,4,-0.6606,2,0,4,628.4944,510.7134,533.6622,7,5,0
12,2,-0.843,1,0,0,545.8786,472.1324,534.222,9,4,0
16,3,1.2086,1,99,99,516.7282,531.4158,542.1015,10,99,9
16,4,2.5894,1,99,99,269.5137,344.2012,306.6351,99,99,9
14.5,3,-0.7017,1,10,10,402.6981,379.3491,410.3465,7,0,0
16,4,0.66,1,0,2,364.2845,365.668,391.5103,5,6,0
16,3,0.4389,1,0,10,322.831,276.1035,331.555,2,1,0
16,NA,1.314,1,2,2,613.237,486.0453,569.7518,99,10,0
16,4,0.5895,2,0,2,687.5088,591.5047,631.6963,9,5,0
16,3,0.4343,3,0,4,451.5862,439.0263,435.9917,99,6,0
14.5,6,-0.5684,1,99,99,477.2743,449.8845,478.393,9,99,9
9,NA,0.2989,2,0,8,615.0933,532.1561,573.1557,8,8,0
16,4,0.5349,9,0,3,596.4924,545.3981,592.6143,99,3,0
16,4,1.2726,1,0,10,415.1767,331.0806,426.3216,8,10,0
16,1,-0.3364,3,0,5,426.8007,422.7658,434.8406,10,0,0
16,3,-0.0073,1,0,0,655.6904,589.4024,638.9044,9,3,0
16,6,1.6117,1,0,4,572.1172,457.8387,545.6466,7,3,0
NA,NA,99,9,99,99,539.7214,461.0093,528.9473,NA,99,9
16,NA,0.6731,1,0,10,522.6037,443.9026,477.4167,10,5,0
16,NA,1.0229,1,0,5,590.8591,572.4579,686.3977,9,5,0
9,NA,0.4484,1,0,0,544.8508,473.2183,549.9464,10,0,0
16,4,-0.0073,1,0,2,449.4459,388.2093,431.001,9,10,0
16,6,1.372,1,0,10,619.6447,504.9373,622.2501,8,10,0
16,3,0.4167,1,10,10,415.5,441.7787,448.0635,10,10,0
16,4,0.4484,1,3,0,682.3031,598.7153,657.6493,7,2,0
16,2,0.7597,1,0,10,491.7898,502.0368,521.5718,9,6,0
16,2,-1.2894,1,1,1,205.3047,293.991,258.295,8,1,1
16,4,0.5869,1,1,2,615.2139,647.222,679.8576,10,6,0
16,4,-1.862,1,0,0,651.6854,520.0798,608.7019,7,0,1
12,1,0.0463,1,1,2,475.9991,341.6991,425.6684,8,2,0
16,6,0.6267,1,0,4,583.1282,614.011,635.0902,9,5,0
16,3,-0.7408,1,0,6,420.1981,408.0955,474.3143,8,0,1
12,2,-1.0477,1,0,0,368.8112,331.5709,376.5672,99,0,0
14.5,2,0.7641,1,2,10,501.2952,439.0787,512.8012,9,6,0
NA,NA,99,9,99,99,438.0485,396.5965,433.4338,99,99,9
14.5,2,-0.0957,1,0,5,517.4944,513.5998,484.7413,99,8,0
12,2,3.1565,1,5,5,393.7103,354.7114,334.8527,7,5,0
12,2,0.5073,1,0,3,342.5481,315.2013,398.5701,10,4,0
16,2,-0.1287,1,3,5,490.8795,443.4083,477.0817,9,2,0
16,3,-0.6259,1,0,0,441.4486,395.6705,496.2681,7,2,0
12,1,1.4233,1,0,0,346.8319,304.7586,313.4388,9,10,0
16,1,-0.3295,1,0,3,432.8021,366.1039,400.9336,8,5,0
14.5,1,-0.102,1,3,2,539.3123,485.197,510.9821,9,0,0
16,4,0.4484,1,1,5,486.7629,485.7215,501.168,10,6,0
16,2,-0.3756,3,0,0,403.4202,361.8298,374.6645,8,4,1
NA,NA,99,9,99,99,421.1464,430.1186,435.5041,NA,99,9
16,1,-1.22,1,4,3,263.9333,273.7783,348.0276,10,3,0
12,1,-1.0124,2,0,7,408.948,401.1447,414.738,8,4,0
16,4,-1.1064,9,0,10,401.814,350.4253,354.4605,10,8,0
16,3,0.4946,1,0,10,472.2744,422.4384,485.4046,8,7,0
9,4,0.4664,1,0,0,605.1115,554.3081,649.0953,9,2,0
16,6,0.66,1,2,8,591.5581,536.611,557.6273,10,7,0
16,7,0.8511,1,4,8,614.385,607.3286,639.9189,9,6,0
16,4,0.1929,1,99,99,471.8636,467.7329,455.3722,10,99,9
14.5,3,-0.6259,1,0,2,645.1539,523.2769,607.8808,8,2,0
12,2,-1.3656,2,0,4,347.753,338.7241,372.842,6,0,0
12,3,-0.4896,1,4,0,464.6438,370.0339,446.5851,10,2,0
16,NA,-0.0574,2,0,6,530.0052,519.1463,572.6184,9,8,0
16,3,-0.6143,1,99,99,342.1815,342.9952,343.2248,7,99,9
16,2,-0.5234,1,0,0,525.5802,516.941,499.3037,10,5,0
16,4,-0.3295,1,0,0,585.7262,554.7339,605.7604,8,4,0
16,6,1.1864,1,0,3,564.3897,477.0786,586.4968,9,3,0
16,NA,-0.102,1,0,5,612.8178,501.9528,554.9145,10,6,0
16,3,-0.0977,1,0,7,305.0232,335.3549,400.9884,9,1,0
NA,NA,99,9,99,99,309.1905,308.1733,313.413,7,99,9
16,4,-1.5976,1,0,10,523.6439,482.6462,558.8792,8,4,0
16,1,5.1744,9,5,5,256.7667,266.4824,287.064,10,5,0
NA,NA,99,9,99,99,521.7901,490.3923,495.7974,NA,99,9
12,4,1.0755,1,0,4,509.8923,469.8083,531.8268,8,3,0
16,6,-0.5567,1,0,3,577.8804,514.4346,533.6337,NA,6,0
12,NA,1.1773,1,0,0,610.2219,559.3593,622.086,8,0,0
16,NA,0.2079,1,0,10,666.3557,588.6503,619.4617,5,10,0
16,4,-0.2485,1,2,4,542.623,498.4089,544.7077,8,4,0
16,1,0.0858,1,0,10,335.4167,299.4958,235.2712,5,0,0
16,7,0.898,1,0,0,486.51,459.4174,497.9899,9,3,0
